book	chapter	verse	suz_sentence	npi_sentence	alignment_type	confidence_signal
MAT	1	2	इसहाकमी याकूब थि‍माक्‍त।		1:0	length_only
MAT	1	2	याकूबमी यहूदा नु आ वोबु थीमी बाक्‍त।		1:0	length_only
MAT	1	3	हेस्रोनमी अराम थि‍माक्‍त।		1:0	length_only
MAT	1	4	नहशोनमी साल्‍मोन थि‍माक्‍त।		1:0	length_only
MAT	1	5	ओबेदमी येस्‍से थि‍माक्‍त।		1:0	length_only
MAT	1	5	येस्‍सेमी दाऊद थि‍माक्‍त।		1:0	length_only
MAT	1	5	दाऊद चहिं पिप दुम्‍माक्‍त।		1:0	length_only
MAT	1	7	अबीयाहमी आसा थि‍माक्‍त।		1:0	length_only
MAT	1	8	आसामी येहो-शाफात थि‍माक्‍त।		1:0	length_only
MAT	1	9	आहाजमी हिज्कीयाह थि‍माक्‍त।		1:0	length_only
MAT	1	10	आमोनमी योसीयाह थि‍माक्‍त।		1:0	length_only
MAT	1	13	एल्‍याकीममी आजोर थि‍माक्‍त।		1:0	length_only
MAT	1	14	आजोरमी सादोक थि‍माक्‍त।		1:0	length_only
MAT	1	15	एलीउदमी एलाजर थि‍माक्‍त।		1:0	length_only
MAT	1	16	मरीयममी येसु थि‍माक्‍त।		1:0	length_only
MAT	1	16	येसु कली ख्रीस्‍त देंमा बाक्‍त।		1:0	length_only
MAT	1	17	अब्राहाम रे पा दाऊद सम्‍म १४ पाला दुम्‍मा बाक्‍त।		1:0	length_only
MAT	1	18	परमप्रभु यावे आ सोक्‍त रे पा दुम्‍शो बाक्‍माक्‍त।		1:0	length_only
MAT	1	21	नोले तौ का थीब।		1:0	length_only
MAT	2	1	येसु यहूदीया रागी ङा बेथलेहेम सहरमी जरमेसे बाक्‍त।		1:0	length_only
MAT	2	9	मिनु मेकोपुकीमी पिप आ लोव़ नेंशा, आन लां खोदमे बाक्‍त।		1:0	length_only
MAT	4	24	मिनु सिरीया रागी नेल्‍ल मेको आ पर्बम लोव़ ब्रम्‍माक्‍त।		1:0	length_only
MAT	4	24	मिनु येसुमी मेको नेल्‍ल आन कली सापाइक्‍मी बाक्‍त।		1:0	length_only
MAT	5	25	मिनु निसाफ पाइबमी पुलीस आन गुइमी गेब।		1:0	length_only
MAT	5	25	मिनु पुलीसम जेल्‍खानम चोक्‍नीम।		1:0	length_only
MAT	5	34	गोमी मार देंनुङ देंशा हना, कसम का यो मजने।		1:0	length_only
MAT	5	35	रागी आ नेंमी यो कसम मजने।		1:0	length_only
MAT	5	35	मारदे हना रागी परमप्रभु यावे आ खोइल थेक्‍तीक बाक्‍ब।		1:0	length_only
MAT	7	15	होस पांइसीने।		1:0	length_only
MAT	7	15	मेको आन थुं चहिं फर के खोदेंशो बाक्‍नीम।		1:0	length_only
MAT	9	13	पापी आन कली ब्रेत्‍थ जाक्‍शो नङ” दे माइक्‍तीमी।		1:0	length_only
MAT	10	8	रोइ पाइब आन कली सापतीन।		1:0	length_only
MAT	10	8	मिनु मोशा गेने।		1:0	length_only
MAT	10	19	इन कली मोपा राप्‍पदमेनु, मार लोव़ पका?		1:0	length_only
MAT	10	19	मार देंका?		1:0	length_only
MAT	10	26	मोपतीके मेको आन कली तशा महिनीन।		1:0	length_only
MAT	11	19	रागीम जरमेशोमी चहिं जचा तूचा थोव़क नेल्‍ल जाइब तूब।		1:0	length_only
MAT	11	27	आं आफोमी ला तुइक्‍ब।		1:0	length_only
MAT	11	27	सुइमी आं आफ कली मतुइक्‍नीम।		1:0	length_only
MAT	11	29	आं जवा लाम्‍सीशा, गो नु शेंसीने।		1:0	length_only
MAT	12	4	अरु मुरपुकीमी जचा मदुम्‍ब बाक्‍माक्‍त।		1:0	length_only
MAT	12	5	नाइक्‍तीक नाक्‍त चढ़ेबपुकीमी परमप्रभु यावे आ खिंमी चढ़ेनीम।		1:0	length_only
MAT	12	5	मेकोपुकीमी गेय पाइनीम।		1:0	length_only
MAT	12	19	मेकोमी जिचा मपोक्‍ब।		1:0	length_only
MAT	12	33	ब्रोव़शो फल सिप्‍ब रवा ख्रुम्‍तीनी हना, ब्रोव़शो फल सिप्‍ब।		1:0	length_only
MAT	13	13		त्यसैले, तिनीहरूसँग म दृष्‍टान्तमा बोल्दछु, किनकि तिनीहरूले देखे तापनि तिनीहरूले वास्तवमा देख्दैनन् ।	0:1	length_only
MAT	13	13	नेंशा यो मरुप्‍नीम।		1:0	length_only
MAT	13	15	मेको मुर आन थुं ग्‍याम्‍शो बाक्‍नीम।		1:0	length_only
MAT	13	15	आन नोफा थांइशो बाक्‍नीम।		1:0	length_only
MAT	13	15		यसैले, तिनीहरूले आफ्ना आँखाले देख्दैनन्, वा तिनीहरूले आफ्ना कानले सुन्दैनन्, वा तिनीहरूले आफ्ना हृदयले बुझ्दैनन् ।’	0:1	length_only
MAT	13	16	गेपुकी चहिं ग्‍येरसीने।		1:0	length_only
MAT	13	22	दोपा क्‍येट चेमु?		1:0	length_only
MAT	13	22	दे मिम्‍शा, आ थमा सुइक्‍तीके देक्‍ब।		1:0	length_only
MAT	13	22	मिनु नेंशो लोव़मी फल मसिप्‍ब।		1:0	length_only
MAT	13	31		त्यसपछि येशूले तिनीहरूलाई अर्को दृष्‍टान्त भन्‍नुभयो ।	0:1	length_only
MAT	14	5	मो देंतीके यूहन्‍ना कली साइक्‍चा माल्‍शो बाक्‍माक्‍त।		1:0	length_only
MAT	14	19		अनि येशूले भिडलाई चौरमा बस्‍नको लागि आदेश दिनुभयो ।	0:1	length_only
MAT	14	19		चेलाहरूले ती भिडहरूलाई दिए ।	0:1	length_only
MAT	16	3	तन्‍न मुल मार दुम्‍चशो बाक्‍बा मेको आ चिन्‍ड मरुप्‍नीनी।		1:0	length_only
MAT	20	20		त्यसपछि जब्दियाका छोराहरूकी आमा आफ्ना दुई छोराका साथमा येशूकहाँ आइन् ।	0:1	length_only
MAT	21	33		अर्को दृष्‍टान्त सुन ।	0:1	length_only
MAT	21	33		त्यसपछि उनी अर्कै देशमा गए ।	0:1	length_only
MAT	22	16		त्यसपछि तिनीहरूले आफ्ना चेलाहरू र हेरोदी दलका केही मानिसहरूलाई उहाँकहाँ पठाए ।	0:1	length_only
MAT	22	26	मिनु आल मथिथु बेक्‍त।		1:0	length_only
MAT	22	26	मिनु माइलामी आ भोग्‍यु वोंइसाक्‍व।		1:0	length_only
MAT	22	26	मिनु मेको यो आल मथिथु बेक्‍त।		1:0	length_only
MAT	22	32	परमप्रभु यावे बेक्‍शो मुर आन परमप्रभु यावे ममाइ।		1:0	length_only
MAT	22	32	ब्रोंइशो आन परमप्रभु यावे बाक्‍ब” दे माइक्‍तीमी।		1:0	length_only
MAT	22	45	दे माइक्‍तीमी।		1:0	length_only
MAT	23	8	गे नेल्‍ल वोबु ननी।		1:0	length_only
MAT	23	35	मेको मोपा खेदा पा साइश्‍शो पाप नेल्‍ल इन कली राइब।		1:0	length_only
MAT	24	10	वारच आन दातेमी काइ मदाक्‍मुइनीम।		1:0	length_only
MAT	24	24	मारदे हना शुशेमी ‘गो ख्रीस्‍त नङ’ दे जोल पा गाक्‍नीम।		1:0	length_only
MAT	24	29	तास्‍ला आ हाम्‍सो यो जाम्‍ब, सोरुल खपीम दोक्‍नीम।		1:0	length_only
MAT	24	29	सरीङ ङा सक्ति हिम्‍सीनीम।		1:0	length_only
MAT	24	36	तौमी यो मतुइक्‍ब।		1:0	length_only
MAT	24	36	आफोमी ला तुइक्‍ब।		1:0	length_only
MAT	25	35	इन मतुइश्‍शो मुर इन खिं जाक्‍ङानु, बाक्‍चा गेतीनी।		1:0	length_only
MAT	25	36	फेक्‍चा मतङानु, फेक्‍चा गेतीनी।		1:0	length_only
MAT	25	43	इन मतुइश्‍शो मुर इन खिंमी जाक्‍ङानु, बाक्‍चा मगेयीनी।		1:0	length_only
MAT	26	28	एको आं हुश बाक्‍ब।		1:0	length_only
MAT	26	47		तिनीहरू लाठीहरू र तरवारहरू बोकेर आए ।	0:1	length_only
MAT	27	52	सेरथे फुल्‍लु नेल्‍ल एश्‍शा ब्रोल्‍मा बाक्‍त।		1:0	length_only
MAT	27	56	का जब्‍दी आ तौ निक्‍शी आस ममा बाक्‍माक्‍त।		1:0	length_only
MRK	1	6	यूहन्‍नामी दलओंठ आ चां के प्रोव़शो वा फेक्‍बाक्‍माक्‍त।		1:0	length_only
MRK	1	22	अधिकार पाइश्‍शो लोव़ पा शेंदीमी बाक्‍त।		1:0	length_only
MRK	1	31	मिनु सेस दुम्‍शा, मेको आन कली मान पा थुल्‍मी बाक्‍त।		1:0	length_only
MRK	1	34	वोल आन कली लोव़ पचा मगेवा बाक्‍त।		1:0	length_only
MRK	1	34	मारदे हना वोलपुकीमी येसु कली तुइश्‍शो बाक्‍तेक्‍म।		1:0	length_only
MRK	2	8		उहाँले तिनीहरूलाई भन्‍नुभयो, “तिमीहरूले आफ्नो हृदयमा किन यस्तो विचार गर्छौ ?”	0:1	length_only
MRK	2	13	मिनु येसुमी मेको आन कली शेंदीमी बाक्‍त।		1:0	length_only
MRK	2	21	मारदे हना माइत नु नक मगारब।		1:0	length_only
MRK	2	26	अर्को मुरपुकीमी जचा मदुम्‍ब बाक्‍माक्‍त।		1:0	length_only
MRK	3	7	मेको खोइक्‍बपुकी ते ते ङा बाक्‍मा बाक्‍त देंशा हना, गालील नु यहूदीया रागी ङा,		1:0	length_only
MRK	3	13	काबु येसु डांडा ङोंइ‍से बाक्‍त।		1:0	length_only
MRK	4	12	मारदे हना आन मिक्‍चीमी कोव़नीम, तन्‍न मताइनीम।		1:0	length_only
MRK	4	19	तन्‍न दोपा ठेयब दुम्‍नुङा?		1:0	length_only
MRK	4	19	दोपा क्‍येट चेमु?		1:0	length_only
MRK	4	19	दोपा मारेइ मारेइ ताइनुङा?		1:0	length_only
MRK	4	31		यो रायोको (तोरीको) बिउजस्तो हो ।	0:1	length_only
MRK	5	13	मिनु येसुमी लशा, ओव़चा गेमी बाक्‍त।		1:0	length_only
MRK	5	40	मिनु मेकोपुकीमी आ देंशो थमा मसुदमे बाक्‍त।		1:0	length_only
MRK	6	3	शी मुइब ममाइ ङा?		1:0	length_only
MRK	6	3	मरीयम आ तौ ममाइ ङा?		1:0	length_only
MRK	6	3	दे आन थुं मनुशो लोव़ पमुमा बाक्‍त।		1:0	length_only
MRK	6	10	खिं खिं याक्‍शा मबाक्‍कीन।		1:0	length_only
MRK	6	27		सुरक्षाकर्मी गए र झ्यालखानामा उनको टाउको काटे ।	0:1	length_only
MRK	9	18	आ ख्रुइ शेप्‍ब।		1:0	length_only
MRK	9	36		उहाँले त्यसलाई हातमा लिनुभयो र तिनीहरूलाई भन्‍नुभयो,	0:1	length_only
MRK	11	1		येशूले उहाँका दुई जना चेलालाई पठाउनुभयो ।	0:1	length_only
MRK	11	7	मिनु येसु ङोंइसे बाक्‍त।		1:0	length_only
MRK	11	32	मुर रे तवा बाक्‍त देंचा यो दोपा देंय” दे लोव़सी पमुमा बाक्‍त।		1:0	length_only
MRK	12	15	गोपुकीमी थाप्‍चा देय मथाप्‍चा?		1:0	length_only
MRK	12	20	मिनु आल मथिथु बेक्‍माक्‍त।		1:0	length_only
MRK	12	28		शास्‍त्रीहरूमध्येका एक जना आए र तिनीहरूका छलफल सुने ।	0:1	length_only
MRK	13	7	रागी नुप्‍ची चहिं मजा।		1:0	length_only
MRK	13	22	शुशेमी ‘गो ख्रीस्‍त नङ’ दे जोल पा गाक्‍नीम।		1:0	length_only
MRK	13	24	तास्‍ला आ हाम्‍सो यो जाम्‍ब।		1:0	length_only
MRK	13	32	तौमी लायो मतुइक्‍ब।		1:0	length_only
MRK	13	32	आं आफोमी ला तुइक्‍ब।		1:0	length_only
MRK	13	33		सचेत रहो !	0:1	length_only
MRK	13	33		(टिपोटः केही प्राचीन प्रामाणिक लेखहरूले यसलाई यसरी उल्लेख गर्छन्‌: होसियार रहो, जागा रहो र प्रार्थना गर किनकि .	0:1	length_only
MRK	13	33		.	0:1	length_only
MRK	13	35	नाक्‍दो जाक्‍बा कों?		1:0	length_only
MRK	13	35	मेको इन मतुइक्‍थु जाक्‍ब।		1:0	length_only
MRK	14	65	मिनु सिपाइ आन गुइमी गेमे बाक्‍त।		1:0	length_only
MRK	14	65	मेकोपुकीमी तुप्‍ना तुप्‍न लदमे बाक्‍त।		1:0	length_only
MRK	15	21	मिनु लना लन बाक्‍मानु, आ गाउं रे पिशो साइरेनी ङा सिमोन ग्रुम्‍मे बाक्‍त।		1:0	length_only
MRK	15	40	का सालोमे बाक्‍माक्‍त।		1:0	length_only
MRK	16	6		उहाँ यहाँ हुनुहुन्‍न ।	0:1	length_only
MRK	16	6		तिनीहरूले उहाँलाई राखेको ठाउँलाई हेर ।	0:1	length_only
MRK	16	14	मिनु नोले आ शेंसीब ११ जनामी खमे जना जन बाक्‍मानु, येसुमी मेको आन कली तपांइसे बाक्‍त।		1:0	length_only
LUK	1	8	मिनु मेकेर जाक्‍दीश्‍शा, परमप्रभु यावे आ खिंमी गेय पवा बाक्‍त।		1:0	length_only
LUK	2	4	योसेफ पिप दाऊद आ खिं ङा बाक्‍माक्‍त।		1:0	length_only
LUK	2	9	मेको तशा गोठलापुकी शुश हिंमा बाक्‍त।		1:0	length_only
LUK	2	52	मुरपुकीमी यो दाक्‍तमे बाक्‍त।		1:0	length_only
LUK	3	2	मिनु परमप्रभु यावेमी यूहन्‍ना कली लोव़ पवा बाक्‍त।		1:0	length_only
LUK	3	5	बेंसी नेल्‍ल प्रिंचा पुंइसीनीम।		1:0	length_only
LUK	3	5	डांडा नेल्‍ल दिंम सेल्‍चा पुंइसीनीम।		1:0	length_only
LUK	3	8	इन थुं परमप्रभु यावे गे लेश्‍शा, रिम्‍शो फल सिश्‍शो खोदेंशो गेय कोंइदीने।		1:0	length_only
LUK	3	24	हेली मात्‍थात आ तौ बाक्‍माक्‍त।		1:0	length_only
LUK	3	24	मात्‍थात लेवी आ तौ बाक्‍माक्‍त।		1:0	length_only
LUK	3	24	लेवी मेल्‍की आ तौ बाक्‍माक्‍त।		1:0	length_only
LUK	3	25	आमोस नाहुम आ तौ बाक्‍माक्‍त।		1:0	length_only
LUK	3	25	नाहुम एस्‍ली आ तौ बाक्‍माक्‍त।		1:0	length_only
LUK	3	25	एस्‍ली नग्‍गै आ तौ बाक्‍माक्‍त।		1:0	length_only
LUK	3	26	नग्‍गै माथ आ तौ बाक्‍माक्‍त।		1:0	length_only
LUK	3	26	सेमेइन योसेक आ तौ बाक्‍माक्‍त।		1:0	length_only
LUK	3	26	योसेक योदा आ तौ बाक्‍माक्‍त।		1:0	length_only
LUK	3	27	योदा योआनान आ तौ बाक्‍माक्‍त।		1:0	length_only
LUK	3	27	योआनान रेसा आ तौ बाक्‍माक्‍त।		1:0	length_only
LUK	3	27	शाल्‍तीएल नेरी आ तौ बाक्‍माक्‍त।		1:0	length_only
LUK	3	28	नेरी मेल्‍की आ तौ बाक्‍माक्‍त।		1:0	length_only
LUK	3	28	मेल्‍की अददी आ तौ बाक्‍माक्‍त।		1:0	length_only
LUK	3	28	अददी कोसाम आ तौ बाक्‍माक्‍त।		1:0	length_only
LUK	3	29	एर यहोसु आ तौ बाक्‍माक्‍त।		1:0	length_only
LUK	3	29	यहोसु एलीएजर आ तौ बाक्‍माक्‍त।		1:0	length_only
LUK	3	29	एलीएजर योरीम आ तौ बाक्‍माक्‍त।		1:0	length_only
LUK	3	30	लेवी सिमियोन आ तौ बाक्‍माक्‍त।		1:0	length_only
LUK	3	30	सिमियोन यहूदा आ तौ बाक्‍माक्‍त।		1:0	length_only
LUK	3	30	यहूदा योसेफ आ तौ बाक्‍माक्‍त।		1:0	length_only
LUK	3	31	एल्‍याकीम मेलेया आ तौ बाक्‍माक्‍त।		1:0	length_only
LUK	3	31	मेलेया मेन्‍ना आ तौ बाक्‍माक्‍त।		1:0	length_only
LUK	3	31	नाथान दाऊद आ तौ बाक्‍माक्‍त।		1:0	length_only
LUK	3	32	दाऊद येस्‍से आ तौ बाक्‍माक्‍त।		1:0	length_only
LUK	3	32	येस्‍से ओबेद आ तौ बाक्‍माक्‍त।		1:0	length_only
LUK	3	32	ओबेद बोआज आ तौ बाक्‍माक्‍त।		1:0	length_only
LUK	3	33	आदमीन अरनी आ तौ बाक्‍माक्‍त।		1:0	length_only
LUK	3	33	अरनी हेस्रोन आ तौ बाक्‍माक्‍त।		1:0	length_only
LUK	3	33	हेस्रोन पेरेस आ तौ बाक्‍माक्‍त।		1:0	length_only
LUK	3	33	पेरेस यहूदा आ तौ बाक्‍माक्‍त।		1:0	length_only
LUK	3	34	यहूदा याकूब आ तौ बाक्‍माक्‍त।		1:0	length_only
LUK	3	34	याकूब इसहाक आ तौ बाक्‍माक्‍त।		1:0	length_only
LUK	3	34	तेराह नाहोर आ तौ बाक्‍माक्‍त।		1:0	length_only
LUK	3	35	नाहोर सेरूग आ तौ बाक्‍माक्‍त।		1:0	length_only
LUK	3	35	सेरूग रेऊ आ तौ बाक्‍माक्‍त।		1:0	length_only
LUK	3	35	रेऊ पेलेग आ तौ बाक्‍माक्‍त।		1:0	length_only
LUK	3	35	,		1:0	length_only
LUK	3	36	शेलाह केनान आ तौ बाक्‍माक्‍त।		1:0	length_only
LUK	3	36	शेम नोआह आ तौ बाक्‍माक्‍त।		1:0	length_only
LUK	3	36	नोआह लमेक आ तौ बाक्‍माक्‍त।		1:0	length_only
LUK	3	37	लमेक मेथुसेलाह आ तौ बाक्‍माक्‍त।		1:0	length_only
LUK	3	37	मेथुसेलाह हनोक आ तौ बाक्‍माक्‍त।		1:0	length_only
LUK	3	37	हनोक यरेद आ तौ बाक्‍माक्‍त।		1:0	length_only
LUK	3	38	केनान एनोश आ तौ बाक्‍माक्‍त।		1:0	length_only
LUK	3	38	एनोश सेथ आ तौ बाक्‍माक्‍त।		1:0	length_only
LUK	4	25	मिनु रागी नेल्‍ल ङा मुरपुकीमी जचा मतामे बाक्‍त।		1:0	length_only
LUK	4	27	एलीशा आ पालामी यो इस्राएल रागीमी शुश कोव़र पाइब मुर बाक्‍मा बाक्‍त।		1:0	length_only
LUK	4	41	शुश मुर रे वोल ग्रुंइदा बाक्‍त।		1:0	length_only
LUK	4	41	मारदे हना मेकोपुकीम “ख्रीस्‍त बाक्ब” दे ङोंइती रे तुइश्‍शो बाक्‍मा बाक्‍त।		1:0	length_only
LUK	5	3	मिनु डोंगा का ङोंइसे बाक्‍त।		1:0	length_only
LUK	5	15	सुइ कली मदेंचा देंशो बाक्‍त हना यो, शुश मुरुमी येसु आ पर्बम लोव़ पामे बाक्‍त।		1:0	length_only
LUK	5	37	मेको थैलो यो खतम दुम्‍ब।		1:0	length_only
LUK	6	4	अरु मुरपुकीमी जचा मदुम्‍बा, ममाइ ङा?”		1:0	length_only
LUK	6	4	दे माइक्‍मी बाक्‍त।		1:0	length_only
LUK	6	22		धन्य हौ तिमीहरू जब मानिसहरूले तिमीहरूलाई घृणा गर्दछन् ।	0:1	length_only
LUK	7	7	मिनु आं वाइल साब।		1:0	length_only
LUK	7	8	गो यो अधिकार पाइश्‍शो मुर बाक्‍नुङ।		1:0	length_only
LUK	7	21	मिक्‍च मताइब आन कली मिक्‍च तपाइक्‍ना पाइक्‍न बाक्‍माक्‍त।		1:0	length_only
LUK	7	37	मिनु सहर ङा मीश मुर का यो बाक्‍माक्‍त।		1:0	length_only
LUK	8	3	का हेरोद आ गेय पाइब कूजा आ मीश योअन्‍ना बाक्‍माक्‍त।		1:0	length_only
LUK	8	3	का सुसन्‍ना बाक्‍माक्‍त।		1:0	length_only
LUK	8	12	मोपा थमा मसुइक्‍नीम।		1:0	length_only
LUK	8	12	मिनु पाप रे ब्रोंइचा मताइनीम।		1:0	length_only
LUK	8	16	सुइमी बत्ती दाशा सुम्‍शा मवोइक्‍नीम।		1:0	length_only
LUK	8	23	मिनु मोपा लमानु, येसु निन्‍द्रा पवा बाक्‍त।		1:0	length_only
LUK	8	24	मिनु फश गिवार नाइश्‍शा ब्‍वाक्‍कु यो ख्रा दिक्‍माक्‍त।		1:0	length_only
LUK	8	24	मिनु सिक्‍सी दुम्‍माक्‍त।		1:0	length_only
LUK	8	37	मिनु येसु डोंगा ङोइश्‍शा लेम्‍माक्‍त।		1:0	length_only
LUK	9	39		यो उसबाट मुस्किलले जान्छ, जब यसले छोड्छ तब उसलाई नराम्रो गरी चोट पार्छ ।	0:1	length_only
LUK	9	53	तन्‍न मुरपुकीम बाक्‍चा गेने मबिस्‍समा बाक्‍त।		1:0	length_only
LUK	10	13		खोराजीन, तँलाई धिक्‍कार छ !	0:1	length_only
LUK	10	16	सुमी इन शेंशो नेंना, मेकोमी आं शेंशो नेंब।		1:0	length_only
LUK	10	19	मोदेंशो पा सैतानमी इन कली मारेइ पने मचाप्‍ब।		1:0	length_only
LUK	10	19	सुइमी यो इन कली मारेइ पने मचाप्‍ब।		1:0	length_only
LUK	10	20	वोलम इन देंशो टीनीम, दे तुइक्‍नीनी।		1:0	length_only
LUK	10	22	सुइमी आं आफ कली मतुइक्‍नीम।		1:0	length_only
LUK	10	22	आ तौमी ला तुइक्‍ब।		1:0	length_only
LUK	10	22	मिनु तौमी सु सु आन थुंम तुइक्‍तीक वोइक्‍बा, मेकोपुकीमी यो तुइक्‍नीम” देंमाक्‍त।		1:0	length_only
LUK	11	9	परमप्रभु यावे कली पुनीने।		1:0	length_only
LUK	11	9	मिनु इन पुंइशो ताइनीनी।		1:0	length_only
LUK	11	9	मालीने।		1:0	length_only
LUK	11	9	मिनु इन माल्‍शो थित्‍नीनी।		1:0	length_only
LUK	11	10	मोपतीके सुम पुंइबा, मेकोमी आ पुंइशो ताइब।		1:0	length_only
LUK	11	25	मिनु ओव़शा बाक्‍नीम।		1:0	length_only
LUK	11	31	नेनीन, एकेर सोलोमन क्‍येङा यो ठेयब का बाक्‍ब।		1:0	length_only
LUK	11	43	आबी, फरिसीपुकी, गे खतम बाक्‍नीनी।		1:0	length_only
LUK	11	47	आबी, गे खतम बाक्‍नीनी।		1:0	length_only
LUK	11	48	मोपा इन किकी पिपी नु गारशो दुम्‍तीनी।		1:0	length_only
LUK	11	48	गेपुकीमी चहिं तुरस सेल्‍ना सेल्‍न बाक्‍तीनी।		1:0	length_only
LUK	11	51	ङोंइती साइश्‍शो हाबील बाक्‍त।		1:0	length_only
LUK	11	51	नेल्‍ल क्‍येङा नोले साइश्‍शो जकरिया बाक्‍त।		1:0	length_only
LUK	12	27	श्‍येत पा गेय मपाइनीम।		1:0	length_only
LUK	12	28	परमप्रभु यावेमी मेको घांस रिम्‍शो पा ग्‍योम्‍ताक्‍व बाक्‍त हना यो, याम का बाक्चा गेब।		1:0	length_only
LUK	12	52	निक्‍शीम थमा सुइक्‍नीसी, सांमी थमा मसुइक्‍नीम।		1:0	length_only
LUK	12	53	आफोमी थमा सुइक्‍ब, आ तौमी थमा मसुइक्‍ब।		1:0	length_only
LUK	12	53	मिनु आफ कली आइक्‍च सेल्‍ब।		1:0	length_only
LUK	12	53	तौमी थमा सुइक्‍ब, आ आफोम थमा मसुइक्‍ब।		1:0	length_only
LUK	12	53	मिनु आ तौ कली आइक्‍च सेल्‍ब।		1:0	length_only
LUK	12	53	ममामी थमा सुइक्‍ब, तमीमी थमा मसुइक्‍ब।		1:0	length_only
LUK	13	4	ममाइ, मेको इन खोदेंशोन नम।		1:0	length_only
LUK	13	11	रिम्‍शो पा राप्‍ने मचाप्‍बाक्‍माक्‍त।		1:0	length_only
LUK	13	16	एको मीश मुर अब्राहाम आ तमी बाक्‍ब।		1:0	length_only
LUK	13	16	मसापाइक्‍चा?”		1:0	length_only
LUK	13	16	दे हुइक्‍ता बाक्‍त।		1:0	length_only
LUK	13	19	मुर कामी आ रूमी तोरी शोक्‍गा बाक्‍त।		1:0	length_only
LUK	13	25	मारदे हना खिं ङा मुरुमी लाप्‍चो चोक्‍ब।		1:0	length_only
LUK	13	28	गे चहिं खेरचा पुंइसीनीनी।		1:0	length_only
LUK	14	9	इन कली चहिं वाइलपुकी नु निप्‍पाइक्‍ब।		1:0	length_only
LUK	14	9	मिनु मुने दोक्‍नीनी।		1:0	length_only
LUK	14	33	ममिम्‍थु मचाप्‍नीनी हना, आं शेंसीब दुम्‍ने मचाप्‍नीनी।		1:0	length_only
LUK	15	30	मिनु मचुरनुङा ङा?’		1:0	length_only
LUK	15	30	देंमाक्‍त।		1:0	length_only
LUK	15	32	इ लोक्‍ब चहिं बेक्‍शा रे ब्रोंइत।		1:0	length_only
LUK	16	26	मोशो ला ममाइ।		1:0	length_only
LUK	17	7	ममाइ।		1:0	length_only
LUK	17	10	गेपुकी गेय पाइब ननी।		1:0	length_only
LUK	18	14	परमप्रभु यावेमी मेको कली आ पाप क्‍याम्‍शा, ठीक दुम्‍पाइक्‍तु।		1:0	length_only
LUK	18	14	मिनु ठीक दुम्‍शा, आ खिं लेत्‍त।		1:0	length_only
LUK	18	14	फरिसी चहिं पाप क्‍याम्‍चा मतव।		1:0	length_only
LUK	18	33	मिनु युक्‍शा, हुश यिपाइक्‍नीम।		1:0	length_only
LUK	19	11	मिनु यरूसलेम आ नेक्‍था जाक्‍दीम्‍मा बाक्‍त।		1:0	length_only
LUK	19	44	मेकोपुकीमी इ कली नु इ आल आन कली खपीम राप्‍नीम।		1:0	length_only
LUK	20	20	मेको सोइश्‍शोपुकीमी येसु आ लोव़ नेंशा, थमा सुइश्‍शो खोदेंशो प‍खु पामे बाक्‍त।		1:0	length_only
LUK	20	31	मिनु साइलाम आ भोग्‍यु वोंइसे बाक्‍त।		1:0	length_only
LUK	20	36	मेकोपुकी गेनायो मबेक्‍ब दुम्‍शो बाक्‍नीम।		1:0	length_only
LUK	20	38	परमप्रभु यावे बेक्‍शो मुर आन परमप्रभु ममाइ।		1:0	length_only
LUK	20	44	लो, देनीन” देंमाक्‍त।		1:0	length_only
LUK	21	9	लडाइ दुम्‍शो, जुलुस बोक्‍शो लोव़ शुश नेंनीनी।		1:0	length_only
LUK	21	9	मेको लोव़ नेंशा महिनीन।		1:0	length_only
LUK	21	11	ठेयब ख्रिनु कुइब।		1:0	length_only
LUK	21	12	मो दुम्‍चा क्‍येङा ङोंइती थमा सुइक्‍ब इन कली खेदा पा ग्‍याइक्‍नीमी।		1:0	length_only
LUK	21	15	मिनु मेकोपुकीमी इन लोव़ ख्रोइक्‍ने मचाप्‍नीम।		1:0	length_only
LUK	21	21	सहर एर ओंथ रू मेर बाक्‍बपुकी सहर मओव़मल।		1:0	length_only
LUK	21	24	कोइ तरवारम बेक्‍नीमी।		1:0	length_only
LUK	22	37	आं पर्बम ब्रेक्‍पाइश्‍शो लोव़ नेल्‍ल थमा दुम्‍चाप्‍तु।		1:0	length_only
LUK	23	7	मोपतीके मेकेर सोइक्‍ता बाक्‍त।		1:0	length_only
LUK	23	29	मारदे हना शुश श्‍येत दुम्‍ब।		1:0	length_only
LUK	24	41	मिनु छक लाक्‍शा “येसु बाक्‍म कों, मबाक्‍म” दे दल्‍गीर पामे बाक्‍त।		1:0	length_only
LUK	24	41	हिंमा यो बाक्‍त।		1:0	length_only
JHN	1	21	मेकोपुकीमी “मिनु, गे एलीया ननी?” दे हिल्‍लो पाम्‍तेक्‍म।		1:0	length_only
JHN	1	21	मिनु मेकोमी “गो मेको यो मनङ” देंत।		1:0	length_only
JHN	1	42	ग्रीक लोव़मी पत्रुस बाक्‍ब।		1:0	length_only
JHN	1	43	मिनु फिलीप कली “आं नोले खोइय्‍यी” देंत।		1:0	length_only
JHN	2	6	मिनु मेकेर फुल्‍लु के मुशो ६ ओटा गर वोइश्‍शो बाक्‍तेक्‍म।		1:0	length_only
JHN	2	11	मोपा मुर आन कली आ सक्ति कोंइशो बाक्‍त।		1:0	length_only
JHN	2	11	मेको तशा आ शेंसीबपुकीमी येसु कली परमप्रभु यावे आ तौ बाक्‍त, दे थमा सुदमे बाक्‍त।		1:0	length_only
JHN	3	16	परमप्रभु यावेमी रागी ङा मुर आन कली शुश दाक्‍ताक्‍व।		1:0	length_only
JHN	3	16	मोपतीके आ कांइचीक तौ रागीमी सोइक्‍ताक्‍व।		1:0	length_only
JHN	3	18	सुमी परमप्रभु यावे आ तौ कली थमा सुइक्‍बा, मेको स्‍वर्गमी निसाफ पचा मपुंइसीब।		1:0	length_only
JHN	3	19	मारदे हना आन पशो गेय मरिम्‍शो बाक्‍त।		1:0	length_only
JHN	3	28	गे आं कली तुइक्‍नीनी।		1:0	length_only
JHN	4	5	मेको रू आ तौ योसेफ आ थेरशो रू बाक्‍त।		1:0	length_only
JHN	4	9	सामरीया ङा मुरपुकी आइक्‍च जात ङा मुर नम।		1:0	length_only
JHN	4	12	आंइ किकी पिप याकूब क्‍येङा गे ठेयब ननी ङा?		1:0	length_only
JHN	4	12	याकूबमी आंइ कली एको इनार गेशो बाक्‍माक्‍त।		1:0	length_only
JHN	4	12	देंत।		1:0	length_only
JHN	4	36	रुप्‍‍बमी गाल्‍च ताइब।		1:0	length_only
JHN	5	2	यरूसलेम सहर कली गारोमी हिरशो बाक्‍ब।		1:0	length_only
JHN	5	2	मेको गारोमी लाप्‍चोपुकी बाक्‍नीम।		1:0	length_only
JHN	5	2	मेको दोम्‍ली बाक्‍तीकेमी ५ ओटा पाटी खिं बाक्‍नीम।		1:0	length_only
JHN	5	20	मारदे हना आं आफोमी आ तौ कली दाक्‍ब।		1:0	length_only
JHN	5	20	मेको गेय तशा गेपुकी छक लाक्‍नीनी।		1:0	length_only
JHN	5	24	मारदे हना बेक्‍शो रे गेना हना यो ब्रोंइशा बाक्‍चा ताइब।		1:0	length_only
JHN	5	33	मेको लोव़ देंब चहिं यूहन्‍ना बाक्‍ब।		1:0	length_only
JHN	5	36	मेको आं पशो गेयमी ‘परमप्रभु यावेमी आं कली सोइक्‍ताक्‍व’ दे इन कली शेंब।		1:0	length_only
JHN	5	39	गे परमप्रभु यावे आ लोव़ शेंसीन सीन बाक्‍नीनी।		1:0	length_only
JHN	5	44	मोपा गे ठेयब सेल्‍मुइनीनी।		1:0	length_only
JHN	5	47	दे येसुमी यहूदी आन कली देंत।		1:0	length_only
JHN	6	11	मिनु मुरपुकीमी दोशो जचा ब्‍वचा दाक्‍मा, मोशोन गेपाइक्‍तीमी।		1:0	length_only
JHN	6	22	मिनु आ दीसा नाक्‍त शोब्‍ले जाइब मुरपुकी मेक उइ बाक्‍शो बाक्‍तेक्‍म।		1:0	length_only
JHN	6	22	सिनाक्‍ती समुन्‍द्र आ नेक्‍था डोंगा का ला बाक्‍त।		1:0	length_only
JHN	6	27	राक्‍चा ङा जचा थोव़क कली श्‍येत मपने।		1:0	length_only
JHN	6	27	मराक्‍चा ङा जचा थोव़क कली चहिं गेय पने।		1:0	length_only
JHN	6	27	मारदे हना आ आफोमी रागीम जरमेशो कली आ छाप थोक्‍ताक्‍व” दे येसुमी शेंताक्‍व।		1:0	length_only
JHN	6	40	आं आफ आ दाक्‍शो गेय मेकोन बाक्‍त” दे यहूदी आन कली शेंताक्‍व।		1:0	length_only
JHN	6	44	आं कली गेशो मुर आन कली नोले ङा नाक्‍ती सेंनुङमी।		1:0	length_only
JHN	7	7	रागी ङा मुरपुकीमी इन कली श्‍येत मगेनीम।		1:0	length_only
JHN	7	22	मिनु गेपुकीमी नाइक्‍तीक नाक्‍त ख्रोइक्‍तीक चिनु ख्रोइक्‍नीनी।		1:0	length_only
JHN	7	29	गो चहिं मेको कली तुइक्‍नुङ।		1:0	length_only
JHN	7	30	मिनु यहूदीपुकीमी येसु कली ग्‍याइक्‍चा माल्‍तेक्‍म।		1:0	length_only
JHN	7	34	मेना गेपुकीमी आं कली माल्‍नीनी।		1:0	length_only
JHN	7	53		(नोटः उत्कृष्‍ट प्राचीन प्रतिलिपीहरूले यूहन्‍ना ७:५३-८:११लाई हटाएका छन् ।	0:1	length_only
JHN	8	2	मिनु येसुमी निश्‍शा, मुर आन कली शेंताक्‍मी।		1:0	length_only
JHN	8	5	दे हिल्‍लो पाम्‍तेक्‍म।		1:0	length_only
JHN	8	16	गो नु आं कली सोइक्‍ब आं आफोमी निसाफ पाइब।		1:0	length_only
JHN	8	20	मारदे हना मेको कली ग्‍याइक्‍ची ना मजाक्‍शो बाक्‍त।		1:0	length_only
JHN	8	26	गो इन पर्बम शुश लोव़ पचा नु शुश निसाफ पचा माल्‍नुङ।		1:0	length_only
JHN	8	29	मिनु आं कली सोइक्‍ब गो नु बाक्‍ब।		1:0	length_only
JHN	8	44	इन आफ सैतान बाक्‍ब।		1:0	length_only
JHN	8	47	मोपतीके परमप्रभु यावे आ लोव़ नेंने मचाप्‍नीनी” दे माइक्‍तीमी।		1:0	length_only
JHN	8	50	गो आंम कली ठेयब मसेल्‍सीनुङ।		1:0	length_only
JHN	8	59	मिनु परमप्रभु यावे आ खिं रे ग्रूशा गाक्‍त।		1:0	length_only
JHN	9	7	मिनु मेको लशा चिक्‍से बाक्‍त।		1:0	length_only
JHN	9	7	मिनु मिक्‍च ताइब दुम्‍शा, लेश्‍शा जाक्‍त।		1:0	length_only
JHN	9	9	आ चहिं “गो मेकोन नङ, शां” देंत।		1:0	length_only
JHN	9	16	मिनु मेकोपुकी ब्रातेक्‍म।		1:0	length_only
JHN	10	4	मारदे हना आ सेंदा तुइक्‍नीम।		1:0	length_only
JHN	10	5	सेंदा मतुइश्‍शो मुर आ नोले मखोइक्‍नीम।		1:0	length_only
JHN	10	28	सुइमी आं गुइ रे रोइश्‍शा, लाइक्‍ने मचाप्‍नीम।		1:0	length_only
JHN	10	29	आं आफोमी मेको आन कली गेती।		1:0	length_only
JHN	10	36	मारदे हना ‘गो परमप्रभु यावे आ तौ नङ’ देंती।		1:0	length_only
JHN	10	38	मिनु गो आं आफ नु बाक्‍नुङ।		1:0	length_only
JHN	10	38	आं आफ गो नु बाक्‍ब, दे रुपीन” दे येसुमी यहूदी आन कली माइक्‍तीमी।		1:0	length_only
JHN	11	15	गो मेकेर मबाक्‍ङ।		1:0	length_only
JHN	12	21	मेकोपुकी फिलीप माइश्‍शो शेंसीब नु लोव़ पचा कली जाक्‍तेक्‍म।		1:0	length_only
JHN	12	27		तर यही कारणको निम्ति म यो घडीमा आएँ ।	0:1	length_only
JHN	12	47	तन्‍न रागी ङा मुर आन कली पाप रे प्रोंइचा कली जाक्‍शो नङ।		1:0	length_only
JHN	12	48	एको लोव़मी मेको कली नोले ङा नाक्‍ती निसाफ पाइब।		1:0	length_only
JHN	12	49	आं आफ आ लोव़ बाक्‍ब।		1:0	length_only
JHN	13	2	मिनु येसु नु आ शेंसीबपुकी नाक्‍दो ङा खमे जना जन बाक्‍शो बाक्‍तेक्‍म।		1:0	length_only
JHN	13	4		त्यसपछि उहाँले एउटा तौलिया लिनुभयो, र आफ्नो कम्मरमा बेर्नुभयो ।	0:1	length_only
JHN	13	13	मारदे हना गो मेकोन नङ।		1:0	length_only
JHN	13	19	मिनु आं कली थमा सुइक्‍नीनी।		1:0	length_only
JHN	13	20	नोफा दाइश्‍शा नेनीन।		1:0	length_only
JHN	14	11	गो आं आफ आ आगामी बाक्‍नुङ।		1:0	length_only
JHN	14	12	मारदे हना गो आं आफ आ बाक्‍तीक लाइनुङ।		1:0	length_only
JHN	14	17	मिनु इन आगामी बाक्‍ब।		1:0	length_only
JHN	14	20	मिनु आं आफ आ आगाम बाक्‍नुङ।		1:0	length_only
JHN	14	21	सुमी आं अरेशो तुइश्‍शा पाइबा, मेकोमी आं कली दाक्‍ब।		1:0	length_only
JHN	14	28	मारदे हना गो आं आफ आ बाक्‍तीक लाइनुङ।		1:0	length_only
JHN	14	28	आं आफ चहिं आं क्‍येङा ठेयब बाक्‍ब।		1:0	length_only
JHN	15	5	गो अङगुर बोट नङ।		1:0	length_only
JHN	15	9	आं आफोमी आं कली दाक्‍ब।		1:0	length_only
JHN	15	22	मोपतीके मेकोपुकी पाप राइनीमी।		1:0	length_only
JHN	15	24	गो मुर आन कली छक लाक्‍चा ङा गेय कोंइताक्‍ङमी।		1:0	length_only
JHN	15	26	मिनु वारच पाइब का जाक्‍ब।		1:0	length_only
JHN	15	26	मेकोमी आं पर्बम शेंब।		1:0	length_only
JHN	16	20	इन थुं खाइश्‍शो बाक्‍नीनी।		1:0	length_only
JHN	16	20	तन्‍न थुं खाइश्‍शो सा‍शा ग्‍येरनीनी।		1:0	length_only
JHN	16	21	आ ङोंइती ङा हिंशो नु श्‍येत ममिम्‍ब।		1:0	length_only
JHN	16	22	मिनु इन ग्‍येरसीशो सुइमी क्‍याम्‍ने मचाप्‍नीम।		1:0	length_only
JHN	16	25	गो इन कली कथा खोदेंशो पा शेंताक्‍न्‍नी।		1:0	length_only
JHN	16	27	आं आफोमी इन कली दाक्‍ब।		1:0	length_only
JHN	17	5	ङोंइती ङा खोदेंशो पा गे नु इन छेङछेङमी बाक्‍चा गेयीनी।		1:0	length_only
JHN	17	6	मेको मुरपुकी इन के बाक्‍तेक्‍म।		1:0	length_only
JHN	17	8	मिनु थमा सुइक्‍तेक्‍म।		1:0	length_only
JHN	17	10	आं मुर नेल्‍ल इन के नम।		1:0	length_only
JHN	17	11	तन्‍न मेकोपुकी रागीमी बाक्‍नीम।		1:0	length_only
JHN	17	13	मुल गो इन बाक्‍तीक जाक्‍चशो बाक्‍नुङ।		1:0	length_only
JHN	17	14	मारदे हना रागी ङा मनम।		1:0	length_only
JHN	17	14	गो यो रागी ङा मनङ।		1:0	length_only
JHN	17	23	गो मेको आन आगामी बाक्‍नुङ।		1:0	length_only
JHN	17	23	गे आं आगामी बाक्‍नीनी।		1:0	length_only
JHN	17	23	मिनु गेमी आं कली दाक्‍ताक्‍यीनी।		1:0	length_only
JHN	17	23	मोपा गेमी आं कली दाक्‍शो बुदी मेको आन कली यो दाक्‍ताक्‍नी, दे तुइक्‍तमेक्‍ल।		1:0	length_only
JHN	17	25	आं आफ, गे नेल्‍ल रिम्‍शो नु ठीक पाइब बाक्‍नीनी।		1:0	length_only
JHN	17	25	रागी ङा मुरपुकीमी इन कली मतुइक्‍नीम।		1:0	length_only
JHN	17	26	गो मेको आन कली इन नें तुइक्‍पाइक्‍तामी।		1:0	length_only
JHN	17	26	मिनु लेंशा तुइक्‍पाइक्‍नुङमी।		1:0	length_only
JHN	18	5	मिनु मेकोपुकीमी “नासरथ ङा येसु कली माल्‍तक” देंतेक्‍म।		1:0	length_only
JHN	18	13	मेको बर्स ङा नेल्‍ल क्‍येङा ठेयब चढ़ेब काइयाफास माइश्‍शो बाक्‍माक्‍त।		1:0	length_only
JHN	18	26	मेकेर नेल्‍ल क्‍येङा ठेयब चढ़ेब आ वाइल का यो बाक्‍त।		1:0	length_only
JHN	19	13	मेको निसाफ नित्‍तीक आ खपीमी फुल्‍लु ब्रशो बाक्‍तेक्‍म।		1:0	length_only
JHN	19	13	मेको कली हिब्रू लोव़मी गाब्‍बाथा देंनीम।		1:0	length_only
JHN	19	15	मिनु ठेयब चढ़ेबपुकीमी “गो आंइ के सिजर का ला पिप बाक्‍ब” देंतेक्‍म।		1:0	length_only
JHN	19	17	हिब्रू लोव़मी मेको कली गोल्‍गथा देंनीम।		1:0	length_only
JHN	19	18	मेकेर जाक्‍दीश्‍शा, येसु कली शीमी केप्‍शा कांटी थोक्‍ताक्‍म।		1:0	length_only
JHN	19	31	मेको पास्‍सा चाड मानेचा कली सा‍तीक नाक्‍त बाक्‍त।		1:0	length_only
JHN	19	41	मेकेर सुइ मवोइश्‍शो बाक्‍त।		1:0	length_only
JHN	20	4	निम्‍फा दोरताक्‍स।		1:0	length_only
JHN	21	3	मिनु लशा, डोंगा ङोइश्‍शा, ङांइ रेत्‍थ लाम्‍तेक्‍म।		1:0	length_only
JHN	21	3	तन्‍न मेको नाक्‍दो ङांइ का यो मरेम्‍म।		1:0	length_only
JHN	21	6	मिनु आन ग्‍याइली ग्रुंइने मचाप्‍चा ङा पा शुश ङांइ रेत्‍तेक्‍म।		1:0	length_only
JHN	21	7	मिनु ब्‍वाक्‍कुमी प्रेक्‍त।		1:0	length_only
JHN	21	8	मिनु अरु शेंसीबपुकीमी डोंगामी बाक्‍शा, ग्‍याइल कीना कीन पिम्‍तेक्‍म।		1:0	length_only
JHN	21	12	“प्रभु बाक्‍ब” दे तुइक्‍ताक्‍म।		1:0	length_only
JHN	21	15	मिनु येसुमी “आं पाठा आन कली थुल्‍मी” देंत।		1:0	length_only
JHN	21	16	मिनु येसुमी “आं भेडा आन कली कोव़मी” देंत।		1:0	length_only
JHN	21	18	मिनु अर्कोमी इ कली किप्‍शुर किप्‍शा, इ मदाक्‍शो लां लाइक्‍ब” दे माइक्‍तु।		1:0	length_only
JHN	21	20	मेको “प्रभु, इन कली साइक्‍ब आन कली वारच पाइब सु में?” दे हिल्‍लो पाइब बाक्‍त।		1:0	length_only
ACT	1	4		त्यसको बारेमा उहाँले भन्‍नुभयो, “तिमीहरूले मबाट सुन्यौ	0:1	length_only
ACT	1	5	मेको दुम्‍चा कली शुश नाक्‍त मलीशो बाक्‍ब” दे शेंदीमी बाक्‍त।		1:0	length_only
ACT	1	23	का के चहिं मत्‍तीयस बाक्‍माक्‍त।		1:0	length_only
ACT	1	26	मिनु भोट तोक्‍गमे बाक्‍त।		1:0	length_only
ACT	2	20	नां छिङछिङ दुम्‍ब।		1:0	length_only
ACT	2	22	मेको गे यो तशो तुइश्‍शो बाक्‍नीनी।		1:0	length_only
ACT	2	29	मिनु लाइश्‍शा थिम्‍ने थुम्‍मे बाक्‍त।		1:0	length_only
ACT	2	29	तेकेर थिम्‍मे गोपुकीमी मुल यो तुइक्‍नय।		1:0	length_only
ACT	2	35	येसु आ पर्बम ब्रेक्‍शो बाक्‍ब, दे रुपीन।		1:0	length_only
ACT	2	41	मोपा थमा सुइक्‍ब नु तेम्‍समा बाक्‍त।		1:0	length_only
ACT	2	46	हाइश्‍शो थुं ङा दुम्‍शा, जचा तूचा योक्‍शा, ग्‍येरसीशो दुम्‍शा,		1:0	length_only
ACT	3	15	गो मेको तशा, सांकछी दुम्‍ताक्‍क।		1:0	length_only
ACT	3	20	मिनु इन थुं नाइक्‍पाइक्‍ब।		1:0	length_only
ACT	4	6	मेना ठेयब चढ़ेब हन्‍नास बाक्‍माक्‍त।		1:0	length_only
ACT	4	10	गे ला ममाइ, तन्‍न इं इस्राएल ङा मुर नेल्‍लेमी रुप्‍चा माल्‍नीम।		1:0	length_only
ACT	4	10	तन्‍न परमप्रभु यावेमी मेको कली बेक्‍शो रे सेंताक्‍व।		1:0	length_only
ACT	4	12	मुर आन कली श्‍येत नु पाप रे प्रोंइब येसु ख्रीस्‍त का ला बाक्‍ब।		1:0	length_only
ACT	4	13	मिनु मेको निक्‍शी थमा पा येसु नु काथा गाक्‍ब काथा बाक्‍ब बाक्‍सा बाक्‍त, दे तुइक्‍तमे बाक्‍त।		1:0	length_only
ACT	4	27	मोपा साइ इन पपाइश्‍शो लोव़ सिनाक्‍त मुलाक्‍त गाम्‍ना गाम्‍न पित।		1:0	length_only
ACT	4	31	मिनु महिंथु ठेयब थुं पा परमप्रभु आ लोव़ शेंना शेंन गाक्‍बाक्‍मा बाक्‍त।		1:0	length_only
ACT	4	36	मोदेंशो गेब का चहिं योसेफ माइश्‍शो मुर का बाक्‍माक्‍त।		1:0	length_only
ACT	4	36	मेको योसेफ साइप्रस रागीमी जरमेशो लेवी आ थर ङा बाक्‍माक्‍त।		1:0	length_only
ACT	5	21		तर प्रधान पूजाहारी र तिनीहरूसँग भएकाहरू आए र परिषद्लाई इस्राएलका मानिसहरूका एल्डरहरूसँगै बोलाए र प्रेरितहरूलाई ल्याउन लगाउनलाई झ्यालखानामा पठाए ।	0:1	length_only
ACT	5	27		प्रधान पूजाहारीले उनीहरूलाई यसो भनेर सोधपुछ गरे,	0:1	length_only
ACT	5	32	मेको नेल्‍ल आंइ मिक्‍चीमी ताइतक।		1:0	length_only
ACT	5	36	मिनु थुदास साइक्‍चा पुंइसाक्‍व।		1:0	length_only
ACT	5	38	मोपतीके मेको येसु माइश्‍शो आ नोले खोइक्‍ब आन कली मारेइ मपाइय्‍य।		1:0	length_only
ACT	5	40	मिनु गमालीएल आ लोव़ नेंशा, बिस्‍समा बाक्‍त।		1:0	length_only
ACT	6	1	मेना थमा सुइक्‍बपुकी शुश बारना बारन लमा बाक्‍त।		1:0	length_only
ACT	7	13	मिनु ग्‍याप्‍शा चाक्‍ग्‍मेनु, मजाक्‍दीत्‍थु, लेंशा सोइक्‍तीमी बाक्‍त।		1:0	length_only
ACT	7	36	मिनु लल समुन्‍द्र शोक्‍शा ४० बर्स सम्‍म गोरशो रागीमी हिरशा गाक्‍मानु, शुश छक लाक्‍चा ङा गेय पाइबाक्‍माक्‍त।		1:0	length_only
ACT	7	43	मो मपनी।		1:0	length_only
ACT	7	52	इन किकी पिपीमी मार पामे?		1:0	length_only
ACT	7	55	स्‍तीफानस चहिं परमप्रभु यावे आ सोक्‍तीम ब्रीशा, सरीङ गे कोव़ङा बाक्‍त।		1:0	length_only
ACT	8	1	१२ जना येसु आ सोइश्‍शोपुकी ला यरूसलेम उइ बाक्‍मा बाक्‍त।		1:0	length_only
ACT	8	7	गुइ खोइल मदुक्‍ब मुर शुश आन कली गुइ खोइल दुक्‍ब गाक्‍ब सेल्‍बाक्‍माक्‍त।		1:0	length_only
ACT	8	22	दे पुनो।		1:0	length_only
ACT	9	38	लिडडा नु योप्‍पा नेक्‍नेक्‍था बाक्‍नीसी।		1:0	length_only
ACT	10	38	वोलम तशो आन कली वोल खेरशा सापाइक्‍तु।		1:0	length_only
ACT	11	6		मैले यसलाई एक टक लगाएर हेरेँ र यस बारे सोचेँ ।	0:1	length_only
ACT	11	17	मोदेंशो दुम्‍शो तशा, मार पाइनुङा?		1:0	length_only
ACT	11	17	गो परमप्रभु आ पशो गेय तेक्‍ने चाप्‍नङा?”		1:0	length_only
ACT	11	17	दे रुप्‍पाइक्‍मी बाक्‍त।		1:0	length_only
ACT	11	24	बारनाबास रिम्‍शो मुर बाक्‍माक्‍त।		1:0	length_only
ACT	12	19	मिनु पिप हेरोदमी पत्रुस कली माल्‍थ सोइक्‍तीमी बाक्‍त।		1:0	length_only
ACT	12	25	मर्कूस कली यूहन्‍ना नें यो वोइश्‍शो बाक्‍त।		1:0	length_only
ACT	13	6	मेको “परमप्रभु यावे आ लोव़ पाइब नङ” देंखु पा गाक्‍बाक्‍माक्‍त।		1:0	length_only
ACT	13	10		र भने, तँ शैतानको छोरो, तँ छल र दुष्‍टताले भरिएको छस् ।	0:1	length_only
ACT	13	21	मिनु सावल ४० बर्स सम्‍म पिप दुम्‍माक्‍त।		1:0	length_only
ACT	13	39	मोसामी ब्रेक्‍शो लोव़मी इन पाप क्‍याम्‍ने मचाप्‍ब।		1:0	length_only
ACT	13	39	मारदे हना मेको लोव़ नेल्‍ल टिने मचाप्‍तीके पापी दुम्‍तीनी।		1:0	length_only
ACT	13	47	आंमा शेंब दुम्‍शा, गाक्‍शो मनस्‍कु।		1:0	length_only
ACT	14	26	अत्‍तालीया सहरमी जहाज ङोइश्‍शा, समुन्‍द्र शोक्‍शा, एन्‍टीओक सहरम जाक्‍दीस्‍सा बाक्‍त।		1:0	length_only
ACT	14	26	मिनु मुल शेंने थुम्‍शा लेश्‍शा जाक्‍सा बाक्‍त।		1:0	length_only
ACT	15	2	मिनु पावल नु बारनाबासमी मोदें शेंशो नेंशा, मेको आन शेंशो लोव़ मबिस्‍सा बाक्‍त।		1:0	length_only
ACT	15	2	मेकोपुकीमी ख्रोइक्‍तीक चिनु ख्रोइक्‍चा माल्‍ब देंमा बाक्‍त।		1:0	length_only
ACT	15	2	पावल नु बारनाबासमी चहिं ख्रोइक्‍चा ममाल्‍ब, देंसा बाक्‍त।		1:0	length_only
ACT	15	11	मिनु नेल्‍ल ब्‍वालेइ पामे बाक्‍त।		1:0	length_only
ACT	15	22	मेको योव़शो का यहूदा नु का सिलास बाक्‍सा बाक्‍त।		1:0	length_only
ACT	15	22	यहूदा आ याइनी नें बारसाबास बाक्‍माक्‍त।		1:0	length_only
ACT	15	22	यहूदा नु सिलास थमा सुइक्‍ब आन कली शेंब खाल्‍पा बाक्‍सा बाक्‍त।		1:0	length_only
ACT	15	28	इन कली हेल्‍शो भारी कुरपा गाक्‍पाइश्‍शो खोदेंशो लोव़ ममाइ।		1:0	length_only
ACT	16	3	मिनु पावलमी तिमोथी कली गेय पाइब वारच सेल्‍शा, काथा लाइक्‍चा देंमाक्‍त।		1:0	length_only
ACT	16	10	मेको कोंइतीक तशा, पावल छुल बोक्‍शा “मासीडोनीया लय” देंत।		1:0	length_only
ACT	16	12	मेकेर जाक्‍दीश्‍शा जहाज रे तोंइ‍साक्‍क।		1:0	length_only
ACT	16	15	मिनु थमा सुइक्‍ब दुम्‍शा, ब्‍वाक्‍कुम ख्रुम्‍शा ग्रुंइचा पुंइसाक्‍व।		1:0	length_only
ACT	16	15	मिनु लिडीया आ खिं लशा बाक्‍तक।		1:0	length_only
ACT	16	19	मिनु वोल ग्रूशा, लम ङा मेरे नोले दुम्‍ब लोव़ तुइक्‍तीक सक्ति जाम्‍त।		1:0	length_only
ACT	17	7	मिनु एको यासोनमी मेको आन कली बास गेशा थुल्‍शा वोइक्‍तीमी।		1:0	length_only
ACT	17	30	मुल सम्‍म गे मतुइक्‍तीनी।		1:0	length_only
ACT	17	30	मिनु मतुइक्‍थु देवता आन कली सेउ पाइबाक्‍तीनी।		1:0	length_only
ACT	17	34	का डामारीस नें पाइश्‍शो मीश मुर बाक्‍माक्‍त।		1:0	length_only
ACT	17	34	अरु यो बाक्‍मा बाक्‍त।		1:0	length_only
ACT	18	10	मारदे हना गे नु काथा बाक्‍शा, इ कली कोव़नन।		1:0	length_only
ACT	18	18	मारदे हना कसम जशो बाक्‍माक्‍त।		1:0	length_only
ACT	19	1	मिनु प्रभु आ लां खोइक्‍ब आन कली ग्रुमा बाक्‍त।		1:0	length_only
ACT	19	6	मिनु परमप्रभु यावे आ सोक्‍तीम गेशो लोव़ पामे बाक्‍त।		1:0	length_only
ACT	19	12	वोलमी तशो आन वोल ग्रूशा प्रोक्‍बाक्‍मा बाक्‍त।		1:0	length_only
ACT	19	24	मेकोमी शुश मुर आन कली गेय गेशो बाक्‍माक्‍त।		1:0	length_only
ACT	19	27	मोदेंशो दुम्‍शा, इं गेय ला जाम्‍शो ममाइ, इं मानेशो आरतेमीस ठेयब देवी आ मन्‍दीर आ नें यो जाम्‍शा लचा चिक्‍ताक्‍व।		1:0	length_only
ACT	19	36	मोदेंशो रेयके पचा मदुम्‍ब।		1:0	length_only
ACT	20	20	गाउं सहरमी यो हिरशा, मुर आन बुक्‍तीकेमी जाक्‍दीश्‍शा, शेंना शेंन गाक्‍ती।		1:0	length_only
ACT	20	28	गे आंम कली कोव़ङीने।		1:0	length_only
ACT	20	28	मारदे हना मेकोपुकी आ तौ आ हुशेम ग्‍याप्‍शो बाक्‍नीमी।		1:0	length_only
ACT	20	38		तब तिनीहरूले उनलाई जहाजसम्म पुर्‍याए ।	0:1	length_only
ACT	21	22		हामीले के गर्नुपर्छ ?	0:1	length_only
ACT	22	10		मैले भनेँ, ʻप्रभु, मैले के गर्नुपर्छ ?	0:1	length_only
ACT	22	12	दमस्‍कसमी हनानीया नें पाइश्‍शो मुर का बाक्‍माक्‍त।		1:0	length_only
ACT	22	18	गो प्रभु कली ताता।		1:0	length_only
ACT	22	18		ʼ	0:1	length_only
ACT	22	20	मेको लोव़ नेल्‍लेम तुइश्‍शो बाक्‍नीम’ देंङानु,		1:0	length_only
ACT	23	21	मेको आन लोव़ मनेंचा।		1:0	length_only
ACT	24	6	गो आंइ धर्म ङा अरेतीक लोव़ कोव़शा, सजाइ पाइक्‍चा देंशो नकी।		1:0	length_only
ACT	24	8	मिनु आंइ गेशो दोस थमा बाक्‍माक्‍त, दे तुइक्‍नीनी” देंमाक्‍त।		1:0	length_only
ACT	24	12	सुइमी मोदेंशो मरिम्‍शो पशो ताइतक देंने मचाप्‍नीम।		1:0	length_only
ACT	24	18	मुर आन कली पोक्‍शा, मरिम्‍शो यो मपङ।		1:0	length_only
ACT	24	18	मोदेंशो एकोपुकीमी यो मतशो बाक्‍नीम।		1:0	length_only
ACT	24	21	मेको आ पर्बम आं कली मुददा कोप्‍ताक्‍यीमी।		1:0	length_only
ACT	24	21	मिनु इन ङोंइती राप्‍पाइय्‍यीनी, दे माइक्‍तामी।		1:0	length_only
ACT	24	21	मिनु मुल इन ङोंइती राप्‍पाइक्‍तीमी” दे पावलमी देंमाक्‍त।		1:0	length_only
ACT	24	24	इच्‍का नाक्‍त नोले हुकुम पाइब फेलीक्‍स नु आ मीश द्रुसील्‍ला जाक्‍सा बाक्‍त।		1:0	length_only
ACT	24	27	मोपा ब्रेत्‍ता ब्रेत्‍ता बर्स निक्‍शी योल्‍माक्‍त।		1:0	length_only
ACT	24	27	मिनु फेलीक्‍स अर्को रागीमी याक्‍से बाक्‍त।		1:0	length_only
ACT	25	5	मोपतीके अधिकार तशो इन मुर का निक्‍शी योव़शा, गो नु सोइक्‍तीने।		1:0	length_only
ACT	25	15	मिनु मेको कली सजाइ गेचा, दे पुंइतेक्‍म।		1:0	length_only
ACT	25	19	यहूदीपुकीमी मेको मुर बेक्‍त देंबाक्‍तेक्‍म।		1:0	length_only
ACT	25	19	तन्‍न पावलमी चहिं बेक्‍शो रे सेंसीशा ब्रोंइशो बाक्‍ब देंबाक्‍त।		1:0	length_only
ACT	25	21	मिनु गेना सोइक्‍तु, दे लां कोव़ना कोव़न बाक्‍ती” देंमाक्‍त।		1:0	length_only
ACT	25	25	मिनु सिजर आ बाक्‍तीके सोइक्‍तु देंती।		1:0	length_only
ACT	26	16	मुल छुल बोक्‍को।		1:0	length_only
ACT	26	16	इ कली योव़शा आं लोव़ नेंपाइक्‍ब सेल्‍तन।		1:0	length_only
ACT	26	16	मुलाक्‍त इ कली तपांइसाक्‍यी।		1:0	length_only
ACT	26	16	मेको लोव़ नेल्‍ल नेंपाइक्‍ब सेल्‍तन।		1:0	length_only
ACT	26	18	मारदे हना मेकोपुकी मिक्‍च ताइब दुम्‍मल।		1:0	length_only
ACT	26	18	छिङछिङमी बाक्‍शोपुकी छेङछेङमी बाक्‍चा तामेक्‍ल।		1:0	length_only
ACT	26	20	दमस्‍कसमी जाक्‍दीश्‍शा, लोव़ शेंचा गोव़ता।		1:0	length_only
ACT	26	20	मिनु यरूसलेममी, यहूदीया रागी हिरशा गाक्‍ती।		1:0	length_only
ACT	26	23	मेकोपुकीमी ‘ख्रीस्‍तम श्‍येत जचा माल्‍ब’ दे ब्रेक्‍शो बाक्‍शो बाक्‍तेक्‍म।		1:0	length_only
ACT	26	23	मिनु बेक्‍शो रे सेंसीशा ब्रोंइशा बाक्‍ब।		1:0	length_only
ACT	26	26	अग्रीप्‍पा सरकारमी आं देंशो लोव़ नेल्‍ल रुप्‍शो बाक्‍ब, दे तुइक्‍ताक्‍ङ।		1:0	length_only
ACT	26	26	मोपतीके आं ग्राकी लोक्‍शा लोव़ पाता।		1:0	length_only
ACT	26	26	शुशेमी तुइश्‍शो बाक्‍नीमी।		1:0	length_only
ACT	27	1	मिनु गो पावल आ वारच का निक्‍शी यो सासाक्‍क।		1:0	length_only
ACT	27	3	मिनु मेकोपुकीमी पावल कली रिम्‍शो पाम्‍तेक्‍म।		1:0	length_only
ACT	27	4	मारदे हना फश गिवारमी आइदी लां लचा मगेव।		1:0	length_only
ACT	27	8	मेको लासेया सहर आ नेक्‍था सेल्‍शो बाक्‍त।		1:0	length_only
ACT	27	9		हामीले ज्यादै धेरै समय लगायौँ ।	0:1	length_only
ACT	27	17		त्यसैले, तिनीहरूले लङ्गरहरू झारिदिए, र जहाज आफैँ तैरन थाल्यो ।	0:1	length_only
ACT	27	22	जहाज ला जाम्‍शा लाइब, दे तुइक्‍ताक्‍ङ।		1:0	length_only
ACT	27	33		जब बिहानको हुनै लागेको थियो, पावलले ती सबैलाई खाना खान बिन्ती गरे ।	0:1	length_only
ACT	27	34	मोपतीके मुल इच्‍ची खोइ जय।		1:0	length_only
ACT	27	34	मिनु बोल ताइनय।		1:0	length_only
ACT	27	41		तर प्रचण्ड बतासको कारणले जहाजको पछाडिको भाग भाँचिन सुरु भयो ।	0:1	length_only
ACT	27	43	कप्‍तानमी चहिं “पावल कली मसाइक्‍थु ब्रोंइचा गेचा” दे आ थुं फ्रेंशो बाक्‍माक्‍त।		1:0	length_only
ACT	28	2	मोपतीके मेकोपुकीमी मी मुइश्‍शा थेरपाइक्‍तीकी।		1:0	length_only
ACT	28	11	मेको टापुमी महिना सां सम्‍म बाक्‍तक।		1:0	length_only
ACT	28	16	मिनु रोम सहरमी जाक्‍दीत्‍तक।		1:0	length_only
ACT	28	22	गोपुकीमी एको नक थमा सुइक्‍तीके आ पर्बम चहिं लोव़ नेंतक।		1:0	length_only
ACT	28	29	मिनु हेरर हेररा जिशा बोक्‍तेक्‍म।		1:0	length_only
ROM	1	4	तन्‍न मुर ला ममाइ।		1:0	length_only
ROM	1	13	मेको लोव़ शेंदुनु, शुशेम थमा सुइक्‍तेक्‍म।		1:0	length_only
ROM	1	16	मेको लोव़ ङोंइती यहूदी आन कली तुइक्‍पाइश्‍शो बाक्‍माक्‍त।		1:0	length_only
ROM	1	16	नोले ग्रीक आन कली यो तुइक्‍पाइश्‍शो बाक्‍माक्‍त।		1:0	length_only
ROM	1	20		परिणामस्वरूप, यी मानिसहरूलाई कुनै बहाना छैन ।	0:1	length_only
ROM	2	9	मिनु ग्रीक यो सजाइ ताइनीम।		1:0	length_only
ROM	2	10	मिनु ग्रीक आन कली यो मोदेंशो दुम्‍ब।		1:0	length_only
ROM	3	8	मारदे हना पाप पशोमी परमप्रभु यावे कली ठेयब मसेल्‍ब।		1:0	length_only
ROM	3	8	मोदेंब आन कली परमप्रभु यावेमी सजाइ गेप्‍तु हना, ठीक दुम्‍ब।		1:0	length_only
ROM	3	13		तिनीहरूका ओठहरूमा सर्पको विष छ ।	0:1	length_only
ROM	3	29		के उहाँ गैरयहूदीहरूका परमेश्‍वर हुनुहुन्‍न र ?	0:1	length_only
ROM	4	19		उनी विश्‍वासमा कमजोर थिएनन् ।	0:1	length_only
ROM	5	9	मोपतीके ख्रीस्‍त आ हुशेमी इं पाप क्‍याम्‍शा, ठीक सेल्‍चा पुंइसाक्‍य।		1:0	length_only
ROM	5	10	ब्रोंइतय।		1:0	length_only
ROM	5	13	अरेशो लोव़ मबाक्‍थु, मुर दोस मताइब दुम्‍शो बाक्‍तेक्‍म।		1:0	length_only
ROM	5	14	आदम चहिं नोले ङा पाला कली कोंइतीक दुम्‍शो बाक्‍त।		1:0	length_only
ROM	6	6	गो मेको लोव़ तुइक्‍चा माल्‍नय।		1:0	length_only
ROM	7	9	मिनु बेक्‍ती।		1:0	length_only
ROM	7	13		आज्ञाद्वारा यस्तो भयो, ताकि पाप अत्यधिक पापमय बन्‍न सकोस् ।	0:1	length_only
ROM	8	4	परमप्रभु यावे आ सोक्‍त रे पा ब्रोंइशा बाक्‍नय।		1:0	length_only
ROM	8	4	गो रागी ङा मुर खोदेंशो मबाक्‍नय।		1:0	length_only
ROM	8	10	गे चहिं येसु ख्रीस्‍त आ मुर दुम्‍तीनी।		1:0	length_only
ROM	8	10	बेक्‍चा दा बेक्‍नीनी।		1:0	length_only
ROM	8	32	गेब।		1:0	length_only
ROM	8	34	पुंइब।		1:0	length_only
ROM	9	11	परमप्रभु यावे आ दाक्‍शो पा ब्रेश्‍शो बाक्‍त।		1:0	length_only
ROM	9	19	देंनी माइ।		1:0	length_only
ROM	10	7	बेक्‍शो मुर आन बाक्‍तीके सु लाइबा ङा?		1:0	length_only
ROM	11	6		(नोटः केही पुरानो प्रतिलिपिमा यस्तो छ, तर यदि यो कर्महरूद्वारा हो भने यो अनुग्रह हुँदै होइन; नत्र कर्म हुँदै हुँदैन ।	0:1	length_only
ROM	11	6		)	0:1	length_only
ROM	11	11	ममाइ।		1:0	length_only
ROM	11	24	परमप्रभु यावेमी इन कली केप्‍ताक्‍व।		1:0	length_only
ROM	11	24	मिनु इन कली केप्‍चा क्‍येङा यहूदी आन कली केप्‍चा श्‍येत मबाक्‍ब।		1:0	length_only
ROM	11	30	गेपुकीमी यो परमप्रभु यावे आ लोव़ मटिनी।		1:0	length_only
ROM	12	1	आं लोक्‍बपुकी, इन कली मुल यो शुश शेंचा दाक्‍ताक्‍ङ।		1:0	length_only
ROM	13	3		जे असल छ त्यही गर, र तिमीले तिनीहरूबाट प्रशंसा पाउनेछौ ।	0:1	length_only
ROM	15	7	दोपा येसु ख्रीस्‍तमी इन कली दाक्‍शा ब्रवा।		1:0	length_only
ROM	15	14		मेरा भाइहरू हो, म आफैँ पनि तिमीहरूको बारेमा विश्‍वस्त छु ।	0:1	length_only
ROM	15	24	गो दीसा नित्‍थी एकेर रे गाक्‍शा, स्‍पेन रागी लाइनुङ।		1:0	length_only
ROM	15	24	मिनु इन बाक्‍तीके यो ओव़शा ग्रुम्‍नन्‍नी।		1:0	length_only
ROM	15	30	मिनु थमा पा वोबु दुम्‍तय।		1:0	length_only
ROM	15	30	मोपतीके आं पर्बम परमप्रभु यावे कली पुंइना पुंइन बाक्‍कीन।		1:0	length_only
ROM	16	13	मेको कली यो “रिम्‍शो बाक्‍को” दे माइक्‍चा।		1:0	length_only
ROM	16	26	परमप्रभु यावे आ लोव़ पाइबपुकीम मेको ख्रुइश्‍शो लोव़ ब्रेक्‍शो बाक्‍तेक्‍म।		1:0	length_only
1CO	1	2	मिनु आ नेंमी गो नेल्‍ल का दुम्‍तय।		1:0	length_only
1CO	1	7	इं प्रभु येसु ख्रीस्‍तमी तपांइसेक्‍ल, दे रिम्‍शा बाक्‍नीनी।		1:0	length_only
1CO	1	23	मिनु राम्‍सीनीम।		1:0	length_only
1CO	1	23	अर्को रागी ङा मुरपुकीमी “मूर्ख लोव़ बाक्‍माक्‍त” दे काइ नेंचा मदाक्‍नीम।		1:0	length_only
1CO	2	6	मारदे हना मेको बेक्‍शा लाइनीम।		1:0	length_only
1CO	2	7	मुल इन कली रिम्‍शो दुम्‍मल, दे शेंनीकी।		1:0	length_only
1CO	3	11	थमा जग येसु ख्रीस्‍त ला बाक्‍ब।		1:0	length_only
1CO	6	1	इन दाते ङा का निक्‍शी जिम्‍तेक्‍म।		1:0	length_only
1CO	6	7		वास्तवमा ख्रीष्‍टियानहरूका बिचमा कुनै पनि झगडा हुनु नै तिमीहरूको हार हो ।	0:1	length_only
1CO	6	20		[टिपोटः केही पुराना प्रतिलिपिहरूमा यस्तो लेखिएको छ] यसकारण तिमीहरूको शरीर र आत्मामा परमेश्‍वरको महिमा गर, जुन परमेश्‍वरको हो ।	0:1	length_only
1CO	6	20		तर उत्तम प्रतिलिपिहरूमा यो छैन ।	0:1	length_only
1CO	7	14	मोदेंशो मदुम्‍त हना, आन आल प्रभु के मदुम्‍नीम।		1:0	length_only
1CO	7	14	तन्‍न मोदेंशो दुम्‍त हना, मेको आल परमप्रभु यावे के दुम्‍नीम।		1:0	length_only
1CO	7	30	रोंका पाइबपुकी रोंका मपाइब खोदेंशो पा बाक्‍कीन।		1:0	length_only
1CO	7	39	‍		1:0	length_only
1CO	8	1	मूर्ति कली चढ़ेशो श्‍ये ब्‍वचा आ पर्बम गो नेल्‍लेमी तुइक्‍नय।		1:0	length_only
1CO	8	4	परमप्रभु यावे ङा लाक्‍शा सुइ मबाक्‍ब दे तुइक्‍ताक्‍य।		1:0	length_only
1CO	8	6	इं कली परमप्रभु यावे का ला बाक्‍ब।		1:0	length_only
1CO	8	6	मेको मारेइ मारेइ सेल्‍ब इं आफ बाक्‍ब।		1:0	length_only
1CO	8	6	मिनु गोपुकी यो मेको आ सेल्‍शो बाक्‍नय।		1:0	length_only
1CO	9	27	मिनु गो आंम आं देंशो मपाता हना, आं कली सुइमी महिक्‍नीम।		1:0	length_only
1CO	10	8	गोपुकीम तेल्‍लेम पचा मदुम्‍ब।		1:0	length_only
1CO	10	9	गोपुकीम प्रभु कली नाक्‍चा मदुम्‍ब।		1:0	length_only
1CO	10	10	गोपुकीम गन गन पचा मदुम्‍ब।		1:0	length_only
1CO	10	18	आंइ इस्राएल ङा चढ़ेबपुकीमी चढ़ेशो गेय मिम्‍तीने।		1:0	length_only
1CO	11	3	ख्रीस्‍त आ पिया परमप्रभु यावे बाक्‍ब दे रुपीन।		1:0	length_only
1CO	11	15	साइ ङोंइती रे ङा मोदेंशो लोव़ बाक्‍ब दे मतुइक्‍नीनी ङा?		1:0	length_only
1CO	11	18	एको लोव़ नेंशा, इच्‍का थमा सुइक्‍ता।		1:0	length_only
1CO	11	30	का निक्‍शी बेक्‍शा यो लाम्‍तेक्‍म।		1:0	length_only
1CO	11	32	तन्‍न प्रभुमी आंइ कली नाक्‍शा सजाइ गेब।		1:0	length_only
1CO	12	3	‍		1:0	length_only
1CO	12	10	का कली मेको लोव़ आ अर्थ शेंतीक सक्ति गेब।		1:0	length_only
1CO	13	12	मुल गो इच्‍का ला रुप्‍नुङ।		1:0	length_only
1CO	14	1	दाक्‍तीक पाइश्‍शो मुर दुमीने।		1:0	length_only
1CO	14	25		उसको हृदयका गोप्य कुराहरू प्रकट हुन्छन् ।	0:1	length_only
1CO	14	31	गे नेल्‍ल इन थुं बारब।		1:0	length_only
1CO	15	1	मिनु मुल यो थमा सुइक्‍ना सुइक्‍न बाक्‍तीनी।		1:0	length_only
1CO	15	15	तन्‍न मेकोम मपव।		1:0	length_only
1CO	15	15	“बेक्‍शो रे मसेंसीनीम” देंशो लोव़ थमा बाक्‍त हना, आंइ शेंशो जोल दुम्‍ब।		1:0	length_only
1CO	15	23	मिनु नेल्‍ल का का पा सेंसीनीम।		1:0	length_only
1CO	15	43	शोक्‍शो रां मरिम्‍शो बाक्‍ब।		1:0	length_only
1CO	15	43	सेंसीशो रां चहिं थम दारशो बाक्‍ब।		1:0	length_only
1CO	15	46	नोले ला सोक्‍तीम गेशो रां बाक्‍ब।		1:0	length_only
1CO	15	52	मेको छिन काम दुम्‍ब।		1:0	length_only
1CO	15	52	याम काम दुम्‍ब।		1:0	length_only
1CO	15	54	मिनु जाम्‍शा लाइब रां, गेना हना यो लीब रां दुम्‍चा माल्‍ब।		1:0	length_only
1CO	15	55	दे ब्रेक्‍शो बाक्‍ब।		1:0	length_only
1CO	15	56	मेको आ अरेशो आ सक्ति बाक्‍ब।		1:0	length_only
1CO	16	10	मारदे हना गो नु बाक्‍शा, आं यो प्रभु आ गेय पना पन बाक्‍ब।		1:0	length_only
1CO	16	13	होस पा बाक्‍कीने।		1:0	length_only
1CO	16	13	सक्ति पाइश्‍शो गेय पना पन बाक्‍कीन।		1:0	length_only
2CO	1	18	परमप्रभु यावेमी आ देंशो खाप्‍ब, दे नेल्‍लेम तुइक्‍नीम।		1:0	length_only
2CO	1	22	मेकोमी इं कली छाप थोक्‍ताक्‍व।		1:0	length_only
2CO	3	2	मोदेंशो आंइ कागज चहिं गेपुकी दुम्‍तीनी।		1:0	length_only
2CO	3	10	मेको ङोंइती छेङछेङ पाइश्‍शो बाक्‍त।		1:0	length_only
2CO	4	5	गो आंम पर्बम मशेंनीकी।		1:0	length_only
2CO	4	6	गो परमप्रभु यावे आ छेङछेङ ख्रीस्‍त रे पा रुप्‍नीकी।		1:0	length_only
2CO	4	13	मिनु आंइ थमा सुइश्‍शो मुर आन कली नेंपाइक्‍नीकी।		1:0	length_only
2CO	5	1	इं रां, रागी ङा ताम्‍बु खोदेंशो बाक्‍ब।		1:0	length_only
2CO	6	2	नेनीन मुल पाप रे प्रोंइतीक नाक्‍त बाक्‍ब।		1:0	length_only
2CO	6	5	माइजा बाक्‍नीकी,		1:0	length_only
2CO	7	6	मिनु आंइ थुं बारत।		1:0	length_only
2CO	7	14	मोपतीके आं नें बोरपा बाक्‍ती।		1:0	length_only
2CO	7	15	मिनु इन कली शुश दाक्‍ताक्‍व।		1:0	length_only
2CO	8	8	मिनु गेपुकीमी यो दाक्‍तीक गेय कोंइदीने।		1:0	length_only
2CO	8	11		अब यसलाई पुरा गर ।	0:1	length_only
2CO	8	18	तीतस नु गाक्‍ब वारच का यो सोइक्‍ताक्‍क।		1:0	length_only
2CO	8	24	आं देंशो पाइतीनी हना, गोमी इन पर्बम पशो लोव़ थमा दुम्‍ब।		1:0	length_only
2CO	8	24	मिनु गो ग्‍येरसीनुङ।		1:0	length_only
2CO	8	24	थमा सुइक्‍ब नेल्‍लेमी यो “कोरिन्‍थीपुकीमी रिम्‍शो पामे बाक्‍त” दे तुइक्‍नीम।		1:0	length_only
2CO	9	14		तिनीहरूले तिमीहरूको चाहना गरेका छन् र तिमीहरूको निम्ति प्रार्थना गरिरहेका छन् ।	0:1	length_only
2CO	10	8	तन्‍न इन कली रिम्‍शो सेल्‍चा कली प्रभुम गेती।		1:0	length_only
2CO	11	2		किनकि म तिमीहरूप्रति डाही भएको छु ।	0:1	length_only
2CO	11	4	मिनु गे रीब पा बित्‍नीनी।		1:0	length_only
2CO	11	23	हेर हेरा साइक्‍चा पुंइसाक्‍यी।		1:0	length_only
2CO	11	26	रागी रागी हिरशा गाक्‍ङानु, खोला शोक्‍सीङानु, हेर हेरा योल्‍ताक्‍यी।		1:0	length_only
2CO	11	26	लांम बाप्‍शा बाक्‍ब खुइपुकीमी हेर हेरा साइक्‍तीमी।		1:0	length_only
2CO	11	26	आंम यहूदीपुकीमी यो शुश श्‍येत गेतीमी।		1:0	length_only
2CO	11	26	अर्को रागी ङा मुरपुकीमी यो हेर हेरा साइक्‍तीमी।		1:0	length_only
2CO	11	27	ग्‍यूमी फेक्‍चा यो मतङ।		1:0	length_only
2CO	11	28	मोदेंशो श्‍येत आं रांमी जशो ला ममाइ।		1:0	length_only
2CO	12	2	गो ख्रीस्‍त आ मुर का कली तुइक्‍नुङ।		1:0	length_only
2CO	12	2	परमप्रभु यावेमी ला तुइक्‍ब।		1:0	length_only
2CO	12	3	परमप्रभु यावेमी ला तुइक्‍ब।		1:0	length_only
GAL	1	13	मेको आन कली साम्‍चा, दे शुश गेय पाता।		1:0	length_only
GAL	2	11	काबु केफास एन्‍टीओकमी जाक्‍त।		1:0	length_only
GAL	2	15	गोपुकी यहूदी नय।		1:0	length_only
GAL	2	15	गो मोदेंशो मनय।		1:0	length_only
GAL	2	19	मुल गो परमप्रभु यावे आ दाक्‍शो पा ब्रोंइनुङ।		1:0	length_only
GAL	2	21	परमप्रभु यावेमी मो गेशो शिशी खेर मसोइक्‍नुङ।		1:0	length_only
GAL	3	2	लो देनीन।		1:0	length_only
GAL	3	5	ख्रीस्‍त कली थमा सुइश्‍शो तशा, कका छक लाक्‍चा ङा गेय कोंइताक्‍व।		1:0	length_only
GAL	3	14	ख्रीस्‍त येसु सराप रमेनु, अर्को रागी ङा मुरपुकी यो अब्राहाम आ तशो आसीक ताइनीम।		1:0	length_only
GAL	4	14	श्‍येत पा वारच पाइतीनी।		1:0	length_only
GAL	4	18	शेंब आन लोव़ नेंचा रिम्‍शो बाक्‍ब।		1:0	length_only
GAL	4	19	आं दाक्‍शो आलपुकी, मीश मुरुमी आल थिचामेनु, श्‍येत जाइनीमी।		1:0	length_only
GAL	4	19	शुश खाइक्‍ब।		1:0	length_only
GAL	6	8	आंम आन थुं ङा मिम्‍शो गेय पाम्‍तेक्‍म हना, मेको आन गेय मलीथु जाम्‍शा लाइब।		1:0	length_only
GAL	6	14	नें बोरपाइक्‍चा दा गो यो आं नें बोरपाइश्‍शा गाक्‍ती।		1:0	length_only
GAL	6	14	तन्‍न मुर आन पशो तशा ममाइ।		1:0	length_only
EPH	1	1	गो पावल नङ।		1:0	length_only
EPH	1	1	ख्रीस्‍त येसुम आं कली सोइक्‍ताक्‍यी।		1:0	length_only
EPH	1	7	मोपा गोपुकी येसु ख्रीस्‍त आ हुशेम पतीके माफ तशा ब्रोंइशा बाक्‍नय।		1:0	length_only
EPH	1	13	मिनु परमप्रभु यावेमी ङोंइती देंशो खोदेंशो पा आ सोक्‍तीमी छाप थोक्‍सीशो बाक्‍तीनी।		1:0	length_only
EPH	2	10	मेको पचा माल्‍नय।		1:0	length_only
EPH	2	12		तिमीहरू परमेश्‍वर बिना यस संसारमा थियौ ।	0:1	length_only
EPH	4	1	मोपतीके परमप्रभु यावे कली शिरशो गेय पने।		1:0	length_only
EPH	4	4	मोपा ब्रेत्‍चा पुंइसाक्‍नी।		1:0	length_only
EPH	5	31	मेको निक्‍शी रां का दुम्‍नीसी।		1:0	length_only
EPH	6	17	मेको चहिं परमप्रभु यावे आ सोक्‍त ङा तरवार बाक्‍ब।		1:0	length_only
EPH	6	20	मोपा महिंथु, लोव़ पचा परमप्रभु यावे आ दाक्‍शो बाक्‍ब।		1:0	length_only
PHP	1	27		सुसमाचारको विश्‍वासको निम्ति तिमीहरू मिलेर एउटै प्राणको भएर कडा परिश्रम गरिरहेका छौ भनेर सुन्‍ने मेरो चाहना छ ।	0:1	length_only
PHP	2	1		यसकारण म मान्दछु, कि ख्रीष्‍टमा उत्साह छ ।	0:1	length_only
PHP	2	1		म मान्दछु, कि त्यहाँ आत्माको सङ्गति छ ।	0:1	length_only
PHP	2	7		उहाँ मानिसको स्वरूपमा आउनुभयो ।	0:1	length_only
PHP	2	7		मानिसकै स्वरूपमा उहाँ रहनुभयो ।	0:1	length_only
PHP	2	12	गेपुकी हिंशा ख्रिंख्रि पा इन पाप रे ब्रोंइतीक गेय पने।		1:0	length_only
PHP	2	26	मोपतीके शुश सुर्ता पाप्‍तु।		1:0	length_only
PHP	2	28	मेको कली इन बाक्‍तीके सोइक्‍चा दाक्‍नुङ।		1:0	length_only
PHP	3	5	गो ८ नाक्‍त ङा आल बाक्‍ङानु, ख्रोइक्‍तीक चिनु ताता।		1:0	length_only
PHP	3	5	गो इस्राएली नङ।		1:0	length_only
PHP	3	5	गो बेन्‍यामीन आ थर ङा मुर नङ।		1:0	length_only
PHP	3	18	गो इन कली का निक्‍शी मुर आन पर्बम लोव़ पाता।		1:0	length_only
PHP	3	20	तन्‍न इं बाक्‍तीक स्‍वर्गम बाक्‍ब।		1:0	length_only
PHP	4	1	गेपुकीम आं कली ग्‍येरपाइश्‍शा, आं ग्रातीक सिरपेच खोदेंशो दुम्‍तीनी।		1:0	length_only
PHP	4	10	मुल चहिं सोइक्‍ताक्‍यीनी।		1:0	length_only
COL	1	25	मोपा आ लोव़ खाप्‍चा कली शेंब सेल्‍ती।		1:0	length_only
COL	2	8	मिनु गेपुकी दूली लोव़ शेंब आन नोले मखोतीन।		1:0	length_only
COL	2	20	मारदे गेपुकी रिती थिती पचा टीनीनी?		1:0	length_only
COL	3	5	मोपतीके इन आगामी बाक्‍शो माइत रागी ङा थुं कली सतीन।		1:0	length_only
COL	3	10	रिम्‍शो पाइब नक मुर दुमीन।		1:0	length_only
COL	3	11	ख्रीस्‍त नेल्‍ल क्‍येङा ठेयब बाक्‍ब।		1:0	length_only
COL	3	11	मिनु नेल्‍ल आन आगामी बाक्‍ब।		1:0	length_only
COL	3	21	श्‍येत गेतीनी हना, आन थुं जिक्‍ब।		1:0	length_only
COL	4	10	मेको जाक्‍मेनु, रिम्‍शो पा बाक्‍चा गेने।		1:0	length_only
COL	4	10	मेको आ पर्बम इन कली ङोंइती तुइक्‍पाइक्‍तन्‍नी।		1:0	length_only
1TH	1	1	गो पावल नङ।		1:0	length_only
1TH	1	1	सिल्‍वानस नु तिमोथी यो गो नु बाक्‍नीस।		1:0	length_only
1TH	1	6	गेपुकी आंइ खोदेंशो नु प्रभु खोदेंशो पाइब दुम्‍तीनी।		1:0	length_only
1TH	1	9	मेकोपुकीमी इं पर्बम लोव़ पाम्‍तेक्‍म।		1:0	length_only
1TH	2	4	मेकोमी आंइ थुं कली नाक्‍शा कोव़ब।		1:0	length_only
1TH	2	6		न त हामीले मानिसहरूबाट महिमा खोज्यौँ, न त तिमीहरूबाट या अरूहरूबाट नै, जब कि हामीले ख्रीष्‍टको प्रेरितहरूको रूपमा विशेष सुविधाहरूको दाबी गर्न सक्थ्यौँ ।	0:1	length_only
1TH	2	10	मिनु गे थमा सुइक्‍बमी यो तुइक्‍नीनी।		1:0	length_only
1TH	3	4	मेको यो तुइक्‍नीनी।		1:0	length_only
1TH	3	5	गो इन कली श्‍येत जशो तशा फाल्‍ने मचबु।		1:0	length_only
1TH	3	6	मिनु तिमोथी इन कली ग्रुम्‍थ पिशा, लेश्‍शा जाक्‍त।		1:0	length_only
1TH	4	1	गेपुकी मेको क्‍येङा यो शुश रिम्‍शो पने।		1:0	length_only
1TH	4	11	गेपुकी दुशा बाक्‍कीन।		1:0	length_only
1TH	4	11	आंम खिं ङा गेय ला मिम्‍तीने।		1:0	length_only
1TH	4	13	आंइ लोक्‍बपुकी, बेक्‍शो मुर आ पर्बम रागी रागी ङा मुरपुकीमी हिशेक शुश पाइनीम।		1:0	length_only
1TH	4	16	मेना प्रभु सरीङ रे यीब।		1:0	length_only
1TH	4	16	ख्रीस्‍त कली थमा सुइश्‍शा बेक्‍शो मुरपुकी ङोंइती सेंसीनीम।		1:0	length_only
1TH	4	17	मोदेंशो पा गोपुकी गेना हना यो प्रभु नु काथा बाक्‍चा ताइनय।		1:0	length_only
1TH	5	14	मचाप्‍‍ब आन कली वारच पने।		1:0	length_only
1TH	5	14	नेल्‍ल आन कली फाल्‍शा बाक्‍कीन।		1:0	length_only
1TH	5	15	अरु आन कली यो रिम्‍शो पने।		1:0	length_only
1TH	5	18	ख्रीस्‍त येसु आ नोले खोइक्‍ब मेको गेना हना यो देंचा माल्‍नीम।		1:0	length_only
2TH	1	1	गो पावल नङ।		1:0	length_only
2TH	1	5	गेपुकी परमप्रभु यावे आ राज्‍यम शिरशो मुर दुम्‍तीनी।		1:0	length_only
2TH	1	11	मोपतीके गो इन पर्बम प्रार्थना पना पन बाक्‍नीकी।		1:0	length_only
2TH	1	12	मो दुम्‍शा, इं प्रभु येसु आ नें इन पर्बम ठेयब सेल्‍नीम।		1:0	length_only
2TH	2	2	इन थुं मक्‍यन।		1:0	length_only
2TH	2	2		प्रभुको आगमन पहिल्यै भइसकेको छ भनेर	0:1	length_only
2TH	2	7	आ मरिम्‍शो गेय चहिं मुल बाक्‍ब।		1:0	length_only
2TH	2	13	दोपा आ मुर दुम्‍नीनी देंशा हना, परमप्रभु यावे आ सोक्‍तीमी इन कली पाप रे ङोन वोइश्‍शा, थमा शेंतीके थमा सुइक्‍पाइक्‍तु।		1:0	length_only
2TH	2	15	आंइ लोक्‍बपुकी, खोइल थेक्‍शा बाक्‍कीन।		1:0	length_only
2TH	3	3	प्रभुमी चहिं इन कली दाक्‍शा मप्रोंइब।		1:0	length_only
2TH	3	14	मोदेंशो पशो तशा, मेको मुरपुकी मुने दोक्‍नीम।		1:0	length_only
1TI	1	1	ख्रीस्‍त आ सोइश्‍शो गो पावल नङ।		1:0	length_only
1TI	1	2	आस शिशीमी इ कली थुं नाइश्‍शा बाक्‍चा गेम्‍सेक्‍ल।		1:0	length_only
1TI	1	3	मोदेंशो मशेंदीन, दे अरेवो।		1:0	length_only
1TI	1	9	ठीक पाइब आन कली मब्रेक्‍शो बाक्‍ब, दे यो तुइक्‍नय।		1:0	length_only
1TI	1	18	मेको लोव़ मिम्‍शा ग्राने चाप्‍नेवे।		1:0	length_only
1TI	3	3	जिचा पोक्‍ब नु क्‍येट शुश दाक्‍बमी एको गेय पने मचाप्‍ब।		1:0	length_only
1TI	3	6	मिनु सैतानमी मेको कली रेश्‍शा, खतम सेल्‍‍ब।		1:0	length_only
1TI	3	15	मेको थमा लोव़ ङा थाम नु बोल्‍यो हिरशो गारो खोदेंशो बाक्‍नीम।		1:0	length_only
1TI	5	2	मोपा नेल्‍ले रिम्‍शो पावो।		1:0	length_only
1TI	5	13		तिनीहरू अल्छी गर्ने मात्र होइन तर कुरौटे र अर्काको काममा हस्‍तक्षेप गर्ने पनि बन्‍छन् ।	0:1	length_only
1TI	5	14	अरुमी यो थमा सुइक्‍ब आन पर्बम मरिम्‍शो लोव़ पचा मताइनीम।		1:0	length_only
1TI	6	17		उहाँले हामीलाई सबै साँचो सम्पत्तिहरू हाम्रा आनन्दका लागि दिनुहुन्छ ।	0:1	length_only
1TI	6	19	मेको ला थमा ब्रोंइचा बाक्‍ब।		1:0	length_only
2TI	1	2	एको चिठी आं दाक्‍शो तौ तिमोथी, इ कली ब्रेक्‍ताक्‍ङ।		1:0	length_only
2TI	1	3	आं प्रार्थनामी इ कली गेना हना यो मिम्‍नुङ।		1:0	length_only
2TI	1	5	मुल थमा पा इ आगाम बाक्‍ब।		1:0	length_only
2TI	1	5	गो मेको तुइक्‍नुङ।		1:0	length_only
2TI	1	13	थमा लोव़ कली खोतो।		1:0	length_only
2TI	2	8	येसु ख्रीस्‍त कली मिम्‍तो।		1:0	length_only
2TI	2	19	तन्‍न परमप्रभु यावे आ थमा शेंतीके मब्रेत्‍चा ङा जग खोदेंशो बाक्‍ब।		1:0	length_only
2TI	2	19	प्रभुमी आ मुर आन कली तुइक्‍ब।		1:0	length_only
2TI	2	24	प्रभु आ गेय पाइबमी जिचा मदुम्‍ब।		1:0	length_only
2TI	3	2	मारदे हना मुरपुकीमी आंम कली ला दाक्‍नीम।		1:0	length_only
2TI	3	2	क्‍येट कली शुश दाक्‍नीम।		1:0	length_only
2TI	3	2	ठेयब लेश्‍शा, अरु नेल्‍ल आन कली दिप्‍नीम।		1:0	length_only
2TI	3	3	आंम रां नु शोव़ चलेस मजोक्‍नीम।		1:0	length_only
2TI	3	3	जिचा पोक्‍‍नीम।		1:0	length_only
2TI	3	3	रिम्‍शो मारेइ मदाक्‍नीम।		1:0	length_only
2TI	3	4	मुर आन कली श्‍येतम ख्रुम्‍नीम।		1:0	length_only
2TI	3	4	चुइश्‍शा गेय पाइनीम।		1:0	length_only
2TI	3	4	परमप्रभु यावे कली मदाक्‍नीम।		1:0	length_only
2TI	4	7	गो थमा सुइश्‍शा ग्राती।		1:0	length_only
2TI	4	8	मुल रे ठीक पतीके ङा सिरपेच गुप्‍चा दे आं कली वोइश्‍शो बाक्‍त।		1:0	length_only
2TI	4	8	प्रभु ठीक निसाफ पाइब बाक्‍ब।		1:0	length_only
2TI	4	13	किताब नु कागजपुकी यो चाक्‍मी।		1:0	length_only
TIT	1	6	हेंथे गाक्‍ब नु मटीब आल आन आफ ग्रुम्‍तीक खिं ङा शेंब खाल्‍पा दुम्‍ने मचाप्‍नीम।		1:0	length_only
TIT	1	9	मोदेंशो पाइब मुर परमप्रभु यावे आ लोव़ ङा शेंतीक तुइश्‍शा पचा माल्‍नीम।		1:0	length_only
TIT	1	13	मेको आ देंशो थमा बाक्‍ब।		1:0	length_only
TIT	2	8	मिनु आन मुने दोक्‍नीम।		1:0	length_only
TIT	2	10	मेको शेंचा माल्‍नेवे।		1:0	length_only
TIT	2	14	येसु ख्रीस्‍तम आंम कली काइ ममिम्‍थु, साइक्‍चा पुंइसाक्‍व।		1:0	length_only
TIT	3	1	मिनु मार मार रिम्‍शो गेय बाक्‍मे, मेको पचा माल्‍नीम।		1:0	length_only
TIT	3	5	मेकोमी इं कली मरिम्‍शो गेय रे प्रोंइतु।		1:0	length_only
TIT	3	7	परमप्रभु यावे नु गेना हना यो बाक्चा कली आस पा बाक्‍तय।		1:0	length_only
PHM	1	7	आं लोक्‍ब, इ पशोमी थमा सुइक्‍ब शुश आन थुं नाइक्‍चा ताम्‍तेक्‍म।		1:0	length_only
PHM	1	10	गो थमा पोबु दुम्‍तस्‍कु।		1:0	length_only
PHM	1	11	साइ इ खिंमी बाक्‍मेनु, आ गेय रिम्‍शो मपथु, शोर गाक्‍शो बाक्‍माक्‍त।		1:0	length_only
HEB	1	14	देंत।		1:0	length_only
HEB	5	11	मोपतीके मेको आ अर्थ दोपा रुप्‍पाइक्‍चा ननी?		1:0	length_only
HEB	6	10	मिनु मेकोमी इन रिम्‍शो पशो गेनायो मप्रेंब।		1:0	length_only
HEB	6	12	मचाप्‍नुङ देंब मदुमीने।		1:0	length_only
HEB	7	5	लेवी आ खिं ङा नु इस्राएली नेल्‍ल अब्राहाम आ खिं ङा मुर नम।		1:0	length_only
HEB	7	14	इं प्रभु यहूदा थर ङा बाक्‍माक्‍त, दे गो नेल्‍लेमी तुइक्‍नय।		1:0	length_only
HEB	7	18	मोपतीके ताइक्‍चा माल्‍ताक्‍व।		1:0	length_only
HEB	9	2	मिनु ताम्‍बु का सेल्‍शो बाक्‍माक्‍त।		1:0	length_only
HEB	9	2	आगामी कोठा निक्‍शी पाइश्‍शो बाक्‍माक्‍त।		1:0	length_only
HEB	9	5	सन्‍दोस आ तारी करूब निक्‍शी वोइश्‍शो बाक्‍तेक्‍म।		1:0	length_only
HEB	9	11		(नोटः अन्य संस्करणहरूमा लेखिएको छ) ख्रीष्‍ट आउनेवाला असल थोकहरूका प्रधान पुजारीजस्तै भएर आउनुभयो ।	0:1	length_only
HEB	9	12	बाछा, बोका आन हुश चढ़ेशो ममाइ।		1:0	length_only
HEB	10	27	नक लां मखोइक्‍ब आन कली मारेइ आस मलीब।		1:0	length_only
HEB	10	29	परमप्रभु यावे आ सोक्‍ती आ पर्बम यो शुक्‍शी पाइनीम।		1:0	length_only
HEB	10	29	मोदेंशो पाइबपुकी शुश सजाइ गेचा मपुंइसीनीमी ङा?		1:0	length_only
HEB	10	30	मोदेंशो पाइब आन कली सजाइ गेब कली तुइश्‍शो बाक्‍नय।		1:0	length_only
HEB	10	34	जेल्‍खानम चोक्‍शा वोइश्‍शो आन कली शिशी पा ग्रुम्‍थ लाइतीनी।		1:0	length_only
HEB	11	1	मेको मोदेंशो मिम्‍चा कली थमा सुइक्‍चा देंसीब।		1:0	length_only
HEB	11	6	मिनु आ कली माल्‍ब आन कली तपांइसीब।		1:0	length_only
HEB	11	34	मीम हुम्‍चा पुंइसीशा यो मबेक्‍मा बाक्‍त।		1:0	length_only
HEB	11	34	तरवारमी क्‍योरचामेनु यो ब्रोंइमा बाक्‍त।		1:0	length_only
HEB	11	37		तिनीहरूलाई ढुङ्गाले हानियो ।	0:1	length_only
HEB	11	37		तिनीहरूलाई दुई भाग हुने गरी चिरियो ।	0:1	length_only
HEB	11	38	एको रागी चहिं मरिम्‍शो बाक्‍ब।		1:0	length_only
HEB	11	40	मेको नक लां रे पा पाको मसेल।		1:0	length_only
HEB	11	40	मेको आन कली नु इं कली काथा वोइश्‍शो बाक्‍ब, दे रुब्‍य।		1:0	length_only
HEB	12	2	थमा सुइक्‍तीक लां कोंइशा, पाको सेल्‍ब येसु कली मिम्‍तय।		1:0	length_only
HEB	12	2	मिनु मुल परमप्रभु यावे आ ग्‍युरा गे निश्‍शो बाक्‍ब।		1:0	length_only
HEB	12	8	आफ मपाइश्‍शो बाक्‍नीनी।		1:0	length_only
HEB	12	14	मुर नेल्‍ल नु दुशा गारशा बाक्‍कीने।		1:0	length_only
HEB	12	15	अर्ती गेमुशा वारच पमुशा बाक्‍कीने।		1:0	length_only
HEB	12	24	नक कबल खाप्‍ब येसु बाक्‍ब।		1:0	length_only
HEB	12	24	मिनु येसु आ जारशो हुश यो बाक्‍ब।		1:0	length_only
HEB	12	24	मेको हुश हाबील आ हुश खोदेंशो ममाइ।		1:0	length_only
HEB	12	25	होस पांइसीने।		1:0	length_only
HEB	12	27	महिम्‍सीबपुकी चहिं लीनीम, दे रुम्‍सीब।		1:0	length_only
HEB	13	7	मेको आन पशो खोदेंशो पने।		1:0	length_only
HEB	13	18	आंइ पर्बम परमप्रभु यावे कली पुंइना पुंइन बाक्‍कीने।		1:0	length_only
JAS	1	1	गे रिम्‍शो बाक्‍कीन।		1:0	length_only
JAS	1	13	आं यो सुइ कली पाप मपपाइक्‍ब।		1:0	length_only
JAS	1	19	शुश मचुरीन।		1:0	length_only
JAS	1	22	गेपुकी परमप्रभु यावे आ लोव़ नेनीन।		1:0	length_only
JAS	2	1	मोपतीके गेपुकी यो मुर आन कुल मकोव़ङीन।		1:0	length_only
JAS	2	23	मिनु अब्राहाम आ पर्बम ब्रेक्‍शो लोव़ ठीक दुम्‍माक्‍त।		1:0	length_only
JAS	3	4	जहाज यो मिम्‍तीन।		1:0	length_only
JAS	3	17	ब्रेम्‍शो सेल्‍ब।		1:0	length_only
JAS	3	17	गाइश्‍शो फाल्‍पाइक्‍ब।		1:0	length_only
JAS	3	17	शुश शिशी पपाइक्‍ब।		1:0	length_only
JAS	3	17	रिम्‍शो गेय पपाइक्‍ब।		1:0	length_only
JAS	3	17	कुल कोव़शा, गेय मपपाइक्‍ब।		1:0	length_only
JAS	3	17	जोल मपपाइक्‍ब।		1:0	length_only
JAS	4	3	मोपतीके इन पुंइशो मताइनीनी।		1:0	length_only
JAS	5	1	मारदे हना गे नोले श्‍येत जाइब दुम्‍नीनी।		1:0	length_only
JAS	5	4	इन रूम गेय पाइब आन गाल्‍च मुल सम्‍म जोल पा मगेनी।		1:0	length_only
JAS	5	7		त्यसकारण, भाइहरू हो, प्रभुको आगमनसम्म धैर्य धारण गर ।	0:1	length_only
JAS	5	11	गेपुकी मेको आ कथा नेंतीनी।		1:0	length_only
JAS	5	11	इं कली आ लेम्‍शो नु आ शिशी कोंइताक्‍व।		1:0	length_only
1PE	1	5	मेको नेल्‍ल नोले ङा नाक्‍तीमी कोंइब।		1:0	length_only
1PE	1	17	मोपतीके गे रागीमी बाक्‍नीनु, पाप पचा हिनीन।		1:0	length_only
1PE	1	18	इन किकी पिपी रे “गो नरक लाइब बाक्‍नीकी” दे तुइक्‍नीनी।		1:0	length_only
1PE	1	21	गे येसु ख्रीस्‍त आ पतीके परमप्रभु यावे कली थमा सुइक्‍नीनी।		1:0	length_only
1PE	1	23	गे नक जरमेशो खोदेंशो बाक्‍नीनी।		1:0	length_only
1PE	1	23	जाम्‍शा लाइब ममाइ।		1:0	length_only
1PE	1	24	आ घांस सोव़ब, मिनु फू यो हेम्‍ब।		1:0	length_only
1PE	2	4	येसु ख्रीस्‍त ब्रोंइचा गेब फुल्‍लु बाक्‍ब।		1:0	length_only
1PE	2	4	मेको आ नेक्‍था लने।		1:0	length_only
1PE	2	5	परमप्रभु यावे आ ङोंइती राप्‍ब मुर दुमीन।		1:0	length_only
1PE	2	5	आ सोक्‍त ङा चढ़ेतीक गेय पा बाक्‍कीन।		1:0	length_only
1PE	2	5	येसु ख्रीस्‍त आ पतीके परमप्रभु यावेमी इन पशो ताक्‍ब।		1:0	length_only
1PE	2	11	मोपतीके इन दला दाक्‍स पा रागी ङा मुर खोदेंशो मपने।		1:0	length_only
1PE	2	11	ग्रांग्रा दिचा ङा गेय रे ङोन बाक्‍कीन।		1:0	length_only
1PE	2	11	मारदे हना मोदेंशो गेय इन थमा सुइक्‍तीक थुं नु जीब।		1:0	length_only
1PE	2	13	मोपतीके टिचा माल्‍नीनी।		1:0	length_only
1PE	2	16	परमप्रभु यावे आ वाइलीम वाइल दुम्‍शा बाक्‍कीन।		1:0	length_only
1PE	2	21	मोदेंशो पचा, दे योव़शो ननी।		1:0	length_only
1PE	3	4	मेको परमप्रभु यावे आ ङोंइती शुश रिम्‍शो बाक्‍‍ब।		1:0	length_only
1PE	3	7	मेको मिम्‍शा, इन मीश कली मान पने।		1:0	length_only
1PE	3	11		ऊ खराब कुराहरूबाट फर्की जे असल छ त्यही गरोस् ।	0:1	length_only
1PE	3	20	८ जना मुर चहिं नोआह आ सेल्‍शो डोंगामी बाक्‍शा, ब्‍वाक्‍कु रे ब्रोंइचा ताम्‍तेक्‍म।		1:0	length_only
1PE	3	21	ब्‍वाक्‍कुमी ख्रुम्‍शा ग्रुंइतीके मेको नु गारचा ङा बाक्‍ब।		1:0	length_only
1PE	3	21	मेकोमी इन कली मुल प्रोंइब।		1:0	length_only
1PE	4	3	ङोंइती परमप्रभु यावे कली मतुइक्‍थु मारेइ मारेइ पाइतीनी, मुल मेको गाप्‍त।		1:0	length_only
1PE	4	11	सुमी लोव़ पाइबा, मेकोमी परमप्रभु यावे आ ख्रुइश्‍शो लोव़ पवल।		1:0	length_only
1PE	4	12	इन थमा सुइक्‍तीके नाक्‍चा कली बाक्‍ब।		1:0	length_only
1PE	5	1	गो इन खोदेंशो खाल्‍पा नङ।		1:0	length_only
1PE	5	1	मुल गो जाक्‍चशो छेङछेङ ङा मुर यो दुम्‍ती।		1:0	length_only
2PE	1	1	मोपतीके इन कली एको चिठी ब्रेक्‍ताक्‍ङ।		1:0	length_only
2PE	1	3	आ छेङछेङमी बाक्‍चा नु आ पतीके नेल्‍ल पचा कली योव़तु।		1:0	length_only
2PE	1	6	इन तुइक्‍तीकेमी आंमा अरेसीचा माल्‍नीनी।		1:0	length_only
2PE	2	14	मिनु सराप रशो मुर बाक्‍नीम।		1:0	length_only
2PE	2	18		तिनीहरू खोक्रो अहङ्कारसाथ बोल्छन् ।	0:1	length_only
2PE	3	2	इन शेंबपुकीमी इन कली शेंताक्‍मे।		1:0	length_only
2PE	3	16	मोपा आंमा जाम्‍शा लाइब दुम्‍नीम।		1:0	length_only
1JN	1	1	आंइ मिक्‍चीमी ताइतक।		1:0	length_only
1JN	1	1	आंइ मिक्‍चीमी कोव़तक।		1:0	length_only
1JN	1	1	आंइ गुइमी थीतक।		1:0	length_only
1JN	1	2	मेको ब्रोंइचा गेब लोव़ माइश्‍शो रागीमी तपांइसीचा पुंइसाक्‍व।		1:0	length_only
1JN	1	2	मिनु गो मेको कली ताइतक।		1:0	length_only
1JN	1	2	मोपतीके गोपुकीमी मेको आ लोव़ शेंनीकी।		1:0	length_only
1JN	1	2	मिनु परमप्रभुमी मेको आंइ कली कोंइताक्‍व।		1:0	length_only
1JN	1	5	मिनु मेको नु छिङछिङ काइ मबाक्‍ब।		1:0	length_only
1JN	2	8	मिनु गेपुकी यो पाइनीनी।		1:0	length_only
1JN	2	8	गो मेको मारदे ब्रेक्‍ताक्‍ङ देंशा हना, मुल छिङछिङ जाम्‍ना जाम्‍न लाइब।		1:0	length_only
1JN	2	8	मिनु थमा छेङछेङ बारना बारन बाक्‍ब।		1:0	length_only
1JN	2	14	मोपतीके गो इन कली ब्रेक्‍ताक्‍ङ।		1:0	length_only
1JN	2	16	मिनु रागीमी मार बाक्‍ब देंशा हना, मेको मुर आन रांमी मार मार पचा दाक्‍नीमी, मेकोन पाइनीमी।		1:0	length_only
1JN	2	19	मिनु इं खोदेंशो पा येसु ख्रीस्‍त कली थमा सुइक्‍ब मनम, दे तुंइ‍सीब।		1:0	length_only
1JN	2	21	इन कली एको लोव़ मारदे ब्रेक्‍ताक्‍ङ देंशा हना “गे मतुइक्‍ब ननी” दे ममिम्‍नुङ।		1:0	length_only
1JN	2	21	थमा लोव़ तुइक्‍नीनी।		1:0	length_only
1JN	2	28	मेको आ ङोंइती मुने मदोक्‍यल।		1:0	length_only
1JN	3	9	परमप्रभु यावे आ आलपुकीमी पाप मपाइनीम।		1:0	length_only
1JN	4	5	मिनु रागी ङा मुरपुकी मेको आन शेंशो दाक्‍नीमी।		1:0	length_only
1JN	4	7	आं दाक्‍शो लोक्‍बपुकी, दाक्‍मुय।		1:0	length_only
1JN	4	10	इं कली मरिम्‍शो गेय नु सैतान आ राज्‍य रे प्रोंइचा, दे साइक्‍चा पुंइसीचा कली रागीमी सोइक्‍ताक्‍व।		1:0	length_only
1JN	4	20	मचाप्‍ब।		1:0	length_only
1JN	5	20	गोपुकी मेको थमा पाइब नु थुं का ङा बाक्‍नय।		1:0	length_only
2JN	1	1	गो ला ममाइ, सु सुम परमप्रभु यावे आ पर्बम थमा शेंतीके तुइक्‍तमे, मेकोपुकीमी यो इन कली दाक्‍नीमी।		1:0	length_only
JUD	1	1	गो याकूब आ लोक्‍ब यहूदा नङ।		1:0	length_only
JUD	1	3	मेको थमा सुइक्‍तीक पाप रे ङोन बाक्‍ब आन कली ङोंइती रे शेंने थुम्‍शो बाक्‍त।		1:0	length_only
JUD	1	14	मिनु आदम रे ७ पाला नोले ङा हनोक माइश्‍शो मुर का बाक्‍त।		1:0	length_only
JUD	1	25	परमप्रभु यावे का ला बाक्‍ब।		1:0	length_only
JUD	1	25	मेको ङोंइती बाक्‍त।		1:0	length_only
JUD	1	25	आमेन।		1:0	length_only
REV	1	5	मिनु येसु ख्रीस्‍तमी यो मो देंत।		1:0	length_only
REV	1	8	परमप्रभु यावे मुल बाक्‍ब, ङोंइती यो बाक्‍शो बाक्‍त।		1:0	length_only
REV	1	9	मिनु गो इन लोक्‍ब यूहन्‍ना, येसु ख्रीस्‍त कली थमा सुइक्‍ब नङ।		1:0	length_only
REV	1	9	गो येसु आ सांकछी दुम्‍ती।		1:0	length_only
REV	1	9	मिनु परमप्रभु यावे आ लोव़ शेंताक्‍ङ।		1:0	length_only
REV	1	9	मोपतीके मुरुमी आं कली पात्‍मोस माइश्‍शो टापुमी लाइश्‍शा प्रोंइ‍तीमी।		1:0	length_only
REV	2	2		तिमीले गरेका काम, तिम्रो कडा परिश्रम, तिम्रो धैर्य र सहनशिलता मलाई थाहा छ ।	0:1	length_only
REV	2	4	तन्‍न गो इन कली लोव़ का पचा माल्‍नुङ।		1:0	length_only
REV	2	13		मलाई थाहा छ तिमी कहाँ बस्छौ, त्यहाँ शैतानको सिंहासन छ ।	0:1	length_only
REV	2	14	तन्‍न गो इन कली लोव़ का पचा माल्‍नुङ।		1:0	length_only
REV	2	14	मार लोव़ पचा माल्‍नुङ देंशो हना, गे का निक्‍शीमी मरिम्‍शो गेय पाइतीनी।		1:0	length_only
REV	2	14	दोपा खतम सेल्‍तु देंशा हना, चढ़ेशो थोव़क ब्‍वपाइक्‍तु।		1:0	length_only
REV	2	14	मिनु तेल्‍लेम पपाइक्‍तु।		1:0	length_only
REV	2	17	मेको बुश हीरा तार हीरा ताइब आन नक नें ब्रेक्‍शो बाक्‍ब।		1:0	length_only
REV	2	17	मेको नें हीरा ताइबमी ला तुइक्‍नीम।		1:0	length_only
REV	2	17	अर्को मुरुमी चहिं मतुइक्‍नीम” दे ब्रेक्‍पाइक्‍ती।		1:0	length_only
REV	2	24	मिनु आं कली रिम्‍शो पा थमा सुइक्‍ब आन कली अर्को श्‍येत मगेनुङ।		1:0	length_only
REV	3	1	मिनु येसु ख्रीस्‍तमी आं कली सारडीस सहर ङा थमा सुइक्‍ब आन शेंब कली ब्रेक्‍पाइक्‍ती।		1:0	length_only
REV	3	2	गोमी इन गेय ताता।		1:0	length_only
REV	3	2	मेको इन गेय आं परमप्रभु यावे कली मगारनीम।		1:0	length_only
REV	3	5	सु सुमी सैतान कली ग्रानीमी, मेको आन कली मोपा बुश वा फेक्‍चा गेनुङ।		1:0	length_only
REV	3	7	मिनु चोक्‍गा ङा मेरे सुइमी रोक्‍ने मचाप्‍नीमी।		1:0	length_only
REV	3	8		तिमीले गरेका काम मलाई थाहा छ ।	0:1	length_only
REV	3	12	मेको नक यरूसलेम आं परमप्रभु यावे आ बाक्‍तीक स्‍वर्ग रे यीब।		1:0	length_only
REV	3	18	मेको ग्‍याप्‍तीनी हना, गे शोंप पाइश्‍शो दुम्‍नीनी।		1:0	length_only
REV	3	18	मिनु फेक्‍चा कली बुश वा ग्‍यापीन।		1:0	length_only
REV	3	18	मेको ग्‍याप्‍तीनी हना, मुने मदोक्‍नीनी।		1:0	length_only
REV	3	18	मिनु इन मिक्‍च, सापाइक्‍चा कली मिक्‍चीम ख्रेक्‍तीके ग्‍यापीन।		1:0	length_only
REV	3	18	ग्‍याप्‍शा ख्रेक्‍साक्‍नी हना, गे ताइनीनी।		1:0	length_only
REV	3	21	मोपा गो आं आफ आ ठेयब नित्‍तीकेमी आफ नु निस्‍साक्‍यी।		1:0	length_only
REV	4	2	मेको ठेयब नित्‍तीकेमी का निश्‍शो ताता।		1:0	length_only
REV	4	7	मिनु नेल्‍ल क्‍येङा नोले ङा सेस जन्‍तु बेरशो ककाकुली खोदेंशो तांइसाक्‍व।		1:0	length_only
REV	5	1	मिनु मेको कागज ७ ओटा छाप थोक्‍शा, प्राक्‍ने मचाप्‍चा ङा सेल्‍शो बाक्‍त।		1:0	length_only
REV	7	2	मिनु अर्को परमप्रभु यावे आ स्‍वर्ग ङा गेय पाइब का नां दाप्‍तीके रे कुशो ताता।		1:0	length_only
REV	7	9	मिनु आन गुइमी खजूर रवा आ राशी शेशो तातामी।		1:0	length_only
REV	7	17	मोपा परमप्रभु यावेमी मेको आन प्रेक्‍कु फिक्‍ब” देंत।		1:0	length_only
REV	8	9	मिनु समुन्‍द्र के भाग सां ङा भाग का हुश दुम्‍त।		1:0	length_only
REV	8	12	मोपा छेङछेङ ङा भाग सां ङा भाग का छिङछिङ दुम्‍त।		1:0	length_only
REV	9	10	मेको आन मीलुमी बिच्‍छी के खोदेंशो फूरो बाक्‍त।		1:0	length_only
REV	9	19	मिनु शोव़ नु मीलुमी मुर आन कली श्‍येत गेम्‍तेक्‍म।		1:0	length_only
REV	10	9	मिनु गो मेको परमप्रभु यावे आ स्‍वर्ग ङा गेय पाइब आ नेक्‍था लती।		1:0	length_only
REV	11	8	मेको आस बेक्‍शो रां चहिं ठेयब सहर ङा लांमी लीताक्‍से।		1:0	length_only
REV	11	15	मिनु मेको नोले ङा परमप्रभु यावे आ स्‍वर्ग ङा गेय पाइबमी आ तुराही ताप्‍तु।		1:0	length_only
REV	11	18	मिनु रागी रागी ङा मुरपुकी गाइक्‍ताक्‍म।		1:0	length_only
REV	11	19	ख्रिनु यो कुत।		1:0	length_only
REV	11	19	मिनु ठेयब मुप्‍स यित।		1:0	length_only
REV	12	1	मिनु गो सरीङमी ठेयब चिन्‍ड का ताता।		1:0	length_only
REV	12	6	मिनु मेको मीश मुर आल थिशा नोले गोरशो रागीमी प्रोक्‍त।		1:0	length_only
REV	12	9	मिनु मेको आ गेय पाइबपुकी यो रागीमी तोक्‍चा पुंइसीशो बाक्‍तेक्‍म।		1:0	length_only
REV	12	11	मिनु थमा सुइक्‍बपुकीमी सैतान कली ग्राशो बाक्‍तेक्‍म।		1:0	length_only
REV	13	12	ङोंइती ङा जन्‍तु नु बाक्‍शा, मेको ङोंइती ङा जन्‍तु आ अधिकार यो पाइक्‍बाक्‍त।		1:0	length_only
REV	13	15	मिनु मेकोमी जन्‍तु आ मूर्ति कली ब्रोंइचा सोक्‍त गेचा अधिकार यो तशो बाक्‍त।		1:0	length_only
REV	14	6	मिनु स्‍वर्ग आ दातेमी गो परमप्रभु यावे आ स्‍वर्ग ङा गेय पाइब का बेरशो ताता।		1:0	length_only
REV	14	12	मिनु येसु कली थमा सुइक्‍नीम।		1:0	length_only
REV	14	13	मिनु गो स्‍वर्ग रे सेंदा का नेंता।		1:0	length_only
REV	14	20	मिनु ख्राक्‍तीके सहर रे ङोन बाक्‍त।		1:0	length_only
REV	15	1	मिनु मेको श्‍येतपुकी नोले ङा बाक्‍तेक्‍म।		1:0	length_only
REV	15	1	मारदे हना मेको आन नोले परमप्रभु आ गाइक्‍चा नुप्‍ब।		1:0	length_only
REV	16	6	मार पामे, मेको ताम्‍तेक्‍म” देंशो नेंता।		1:0	length_only
REV	16	9	परमप्रभु यावे कली मान यो मपाम।		1:0	length_only
REV	16	11	तन्‍न आन मरिम्‍शो पचा मप्रोनेम।		1:0	length_only
REV	17	1	नोले गो परमप्रभु यावे आ स्‍वर्ग ङा गेय पाइब का ताता।		1:0	length_only
REV	17	8		तब यो विनाशतिर जानेछ ।	0:1	length_only
REV	17	14	मोदेंशो दुम्‍मेनु, मेकोपुकी पाठा नु लडाइ पाइनीम।		1:0	length_only
REV	17	16	मिनु आ लीशो नेल्‍ले मीम चोइनीम।		1:0	length_only
REV	17	17	परमप्रभु यावे आ लोव़ खाप्‍चा कली मोदेंशो दुम्‍ब।		1:0	length_only
REV	18	9	मिनु रागी रागी ङा पिपपुकी मेको नु तेल्‍लेम पाम्‍तेक्‍म।		1:0	length_only
REV	18	20	मिनु स्‍वर्गमी बाक्‍ब नेल्‍ले ग्‍येरसीने।		1:0	length_only
REV	18	21	मिनु बोल्‍यो परमप्रभु यावे आ स्‍वर्ग ङा गेय पाइबमी ठेयब यात खोदेंशो फुल्‍लु का क्‍युक्‍तु।		1:0	length_only
REV	19	7	गो नेल्‍ल ग्‍येरसय।		1:0	length_only
REV	19	7	गो नेल्‍लेमी ‘इन सक्ति नेल्‍ल क्‍येङा ठेयब बाक्‍ब’ देंय।		1:0	length_only
REV	19	7	गो नेल्‍लेमी परमप्रभु यावे कली मान पय।		1:0	length_only
REV	19	12	मेकोम ला तुइक्‍ब।		1:0	length_only
REV	21	7	मेकोपुकी चहिं आं तमी तौ दुम्‍नीम।		1:0	length_only
REV	21	9	मिनु नोले गो परमप्रभु यावे आ स्‍वर्ग ङा गेय पाइब का जाक्‍शो ताता।		1:0	length_only
REV	21	13	दक्‍खिनम लाप्‍चो सां बाक्‍तेक्‍म।		1:0	length_only
REV	21	13	पच्‍छिमम लाप्‍चो सां बाक्‍तेक्‍म।		1:0	length_only
REV	21	19		पर्खालका जगहरू हर प्रकारका बहुमूल्य पत्थरद्वारा बनाइएका थिए ।	0:1	length_only
REV	22	5	मेको सहरमी गेनायो नाक्‍दो मदुम्‍ब।		1:0	length_only
REV	22	13	गो आल्‍फा नु ओमेगा नङ।		1:0	length_only
REV	22	15	मेको कुचुम खोदेंशो पा सहर रे लाङगा बाक्‍नीमी” देंत।		1:0	length_only
REV	22	17	सु सु तूतू दाक्‍नी, पिने।		1:0	length_only
REV	22	17	मिनु ब्रोंइचा गेब ब्‍वाक्‍कु मोशा तूङीन।		1:0	length_only
REV	22	19	मिनु मेको मुरपुकी परमप्रभु यावे आ योव़शो यरूसलेम सहरम ओव़चा यो मताइनीम।		1:0	length_only
